இதற்குக் காரணம், போலிய ஆட்சியின்கீழ் சமூக, மத அடக்குமுறைகளுக்கு உள்ளானமையேயகும்.1654ல் உக்ரேனிய தலைவரான போடான் கெமெல்நைட்ஸ்கி, உக்ரேன் ரசிய சார் மன்னரான முதலாம் அலெக்சியின் பாதுகாப்பில் இருப்பதற்கு சம்மதித்தார்.
இறுதியில், நீப்பர் நதியை எல்லையாகக் கொண்டு உக்ரேன் இரண்டாகப் பிரிக்கப்பட்டது.
பின்பு, 1670–71ல் ஸ்டென்கா ரசினால் வழிநடத்தப்பட்ட டொன் கொசக்குகள் வொல்கா பகுதியில் பாரிய கிளர்ச்சியொன்றை ஆரம்பித்தனர்.
ஆயினும் சாரின் படைகள் கலகத்தை வெற்றிகரமாக அடக்கின.
ரசிய கண்டுபிடிப்பாளர்கள் சைபீரிய நதித் தடங்கள் வழியே மேலும் கிழக்கு நோக்கி பயணித்தனர்.
இந்த போராட்டத்தின்போது, ரசியா கிழக்குப் பிரசியாவையும், மேலும் பெர்லினையும் சிறிதுகாலம் இணைத்திருந்தது.
இதன்மூலம் ரசியாவின் மேற்கெல்லை மத்திய ஐரோப்பா வரை பரந்தது.
ஒட்டோமன் பேரரசுக்கெதிரான ரசிய-துருக்கியப் போர்களின் வெற்றியின் பின் கிரிமியன் கானேட்டைத் தோற்கடித்ததன் மூலம் அவர் ரசியாவின் தென் எல்லையை கருங்கடல் வரை விரிவு படுத்தினார்.
புவியியல் பகுதியில் அமைந்துள்ளது.
படி இம்மாவட்டத்தின் மொத்த மக்கள் தொகை 1,762,375 ஆக உள்ளது.
கடந்த பத்தாண்டுகளில் (2001-2011) மக்கள் தொகை வளர்ச்சி  விகிதம் 19.51%  ஆக உயர்ந்துள்ளது.
ஆயிரம் ஆண்களுக்கு   883  பெண்கள்  வீதம் உள்ளனர்.
63.74 % ஆகவும், ஆண்களின் படிப்பறிவு 72.66 %  ஆகவும், பெண்களின் படிப்பறிவு 53.59 % ஆகவும் உள்ளது.
சமய மக்கள் தொகை கணிசமாக உள்ளது.
மற்றும் வட்டார மொழிகளும் இம்மாவட்டத்தில் பேசப்படுகிறது.
A Note on the Backward Regions Grant Fund Programme .
இளம் பிக்குகள் குருநிலைக்கு உயர்த்தப்படுமுன் பிரிவேனாக்களில் பயிற்சி பெறுகின்றனர்.
காலப்போக்கில் பௌத்தமும், பௌத்த மரபுக் கல்வியும் ஏறத்தாழ அழிந்துபோய்விட்டன.
துறவிகள் மொழிகள், மதம், மெய்யியல், வரலாறு, பொருளியல், புவியியல் ஆகிய பாடங்களைப் படித்தனர்.
போர்த்துகேயர், ஒல்லாந்தர் ஆட்சிகளுக்கு ஆட்படாமல் தப்பியதால் பிரிவேனாக்கள் அரச ஆதரவுடன் அங்கே வளர்ச்சியடையக் கூடியதாக இருந்தது.
தொடக்கநிலைக் ("மூலிக்க") கல்வி ஐந்து ஆண்டுகளை உள்ளடக்குகின்றது.
Northwestern University-led collaboration between personality psychologists worldwide to "attempt to bring information about current personality theory and research to the readers of the World Wide Web" .
நடுநிலையான மேற்கோள்கள் அல்லது உசாத்துணைகளைக் கொடுத்து .
உசாத்துணைகள் இல்லாத கட்டுரைகள் விக்கிப்பீடியாவிலிருந்து நீக்கப்படலாம்.
பெருந்தெருவில் இருந்து 5 கிலோமீட்டர் தொலைவில் அமைந்துள்ளது.
உருவாக்கியவர்களுள் ஒரு மூத்த தலைவர் ஆவார்.
சரித்திரத்தில் ஒரு முக்கிமான அறிவியலாளராகக் கருதப்படுகிறார்.
எழுத்திலக்கணத்திலும் சீர்திருத்த முறைமை அவசியத்தை வலியுறுத்தியவர்.
Franklin's birthplace site directly across from .
பள்ளிக்கு செல்லாவிட்டாலும் தன் தந்தையின் தொழிலில் உதவி செய்துகொண்டே தனக்குக் கிடைத்த நேரத்தில் அவர் நான்கு மொழிகளைக் கற்றுக்கொண்டார் .
பிராங்கிளினுக்கு இயற்கையிலேயே நூல்கள் வாசிப்பதில் ஈடுபாடு இருந்தது.
வாசிப்பதில் இருந்த ஆர்வம் காரணமாகவே அவர் தனது சகோதரர் ஜேம்ஸின் அச்சுக்கூடத்தில் வேலைக்குச் சேர்ந்தார்.
பிறகு தனது சகோதரருடன் ஏற்பட்ட மனத்தாங்கல் காரணமாக அவர் வீட்டை விட்டு வெளியேறி பிலடெல்பியா சென்றார்.
அவரது புகழ் நாடு முழுவதும் பரவத் தொடங்கியது.
குறைவான எரி சாதனத்துடன் மிகுந்த வெப்பம் தரக்கூடிய அடுப்பை அவர் கண்டுபிடித்தார்.
பயிர்களுக்கு செயற்கை உரமிட்டால் அவை செழிப்பாக வளரும் என்று எடுத்துக் கூறினார்.
ஆரம்பத்தில் புறக்கனிக்கப்பட்டாலும் அதிலிருந்த உண்மையை உலகம் மெதுவாக புரிந்து கொண்டது.
இப்போதுகூட உலகம் முழுவதும் செயற்கை உரம் பயன்படுத்தப்படுகிறது.
மின்னல் இடியிலிருந்து கட்டிடங்களைப் பாதுகாக்க .
முதியர்வர்கள் எட்டப் பார்வைக்கும், கிட்டப் பார்வைக்கும் சேர்த்து அனியும் ஒரே கண்ணாடியான வெள்ளெழுத்துக் கண்ணாடி (bifocal lens) பிராங்கினின் கண்டுபிடிப்பாகும்.
அறிவியல் துறையில் பெரிய பங்களிப்பைச் செய்த அவர் காகிதப் பணத்தின் இன்றியமையாமையை எடுத்துக்கூறி அதன் புழக்கத்தை அதிகரிக்கச் செய்தார்.
பிலடெல்பியாவின் தபால் துறையின் பல மாற்றங்களை செய்து தற்கால தபால் துறை பின்பற்றும் பல கொள்கைகளை உருவாக்கித் தந்தார்.
ஒரு கல்விக் கழகத்தை நிறுவ வேண்டும் என்று அவர் கனவு கண்டார்.
இன்று உலகப் புகழ்பெற்ற அமெரிக்கப் பல்கலைக்கழகங்களுள் ஒன்றான  பென்சில்வேனியா பல்கலைக்கழகம் அவர் நிறுவியதுதான்.
இங்கிலாந்தின் காலனித்துவ ஆட்சியில் அடிமைப்பட்டு கிடந்த அமெரிக்காவுக்கு சுதந்திரம் பெற்றுத்தர அவர் தன் அரசியலறிவைப் பயன்படுத்தி பிரான்சின் உதவியைப் பெற்றார்.
அவரது மேற்பார்வையில் உருவான அரசியல் சட்டம்தான் இன்றும் அமெரிக்காவை வழிநடத்துகிறது.
சுதந்திரம் அடைந்த பிறகு அமெரிக்கா முதன் முதலாக இரண்டு அஞ்சல் தலையை வெளியிட்டது.
பிராங்கிளின் 1790 ஆம் ஆண்டு ஏப்ரல் 17-ஆம் தேதி தனது 84 ஆவது வயதில் காலமானார்.
இலங்கை – சிங்கப்பூர் உடன்படிக்கை மற்றும் மோசடிமிக்க தேசிய வர்த்தக கொள்கை என்ற தலைப்பில் தகவல்கள் வெளிப்படுத்தப்பட வேண்டும் எனவும் அவர் குறிப்பிட்டுள்ளார்.
இந்த நிலையில், அதிக வெப்பத்தில் இருந்து மக்களை பாதுகாத்துக்கொள்ள கனேடிய அரசாங்கம் பல முன்னேற்பாட்டு நடவடிக்கைகளை ஆரம்பித்துள்ளது.
பதவி விலகிய இராஜாங்க அமைச்சர் விஜயகலா மகேஸ்வரன் தமிழீழ விடுதலை புலிகள் தொடர்பில் வெளியிட்ட கருத்து தொடர்பில் ஒழுக்காற்று நடவடிக்கைகளை மேற்கொள்ள ஐக்கிய தேசிய கட்சியினால் குழு ஒன்று நேற்று நியமிக்கப்பட்டது.
பியகமவியல் நேற்று இடம்பெற்ற நிகழ்வொன்றில் கலந்துகொண்டு உரையாற்றும்போது அவர் இதனை தெரிவித்தார்.
இதன்போதே குறித்த குழு அமைக்கப்பட்டதாக நாடாளுமன்ற உறுப்பினர் வடிவேல் சுரேஸ் சூரியனின் செய்திப் பிரிவிடம் தெரிவித்தார்.
கூட்டு ஒப்பந்தம் இந்த ஆண்டு செப்டம்பர் மாதத்துடன் நிறைவடைய உள்ளது.
இவ்வாறான பின்னணியில், கூட்டு ஒப்பந்தம் தொடர்பான பேச்சுவார்த்தை வெற்றிகரமாக முடிவதற்கான ஏதுநிலைகள் காணப்படுகின்றன.
அவ்வாறு நிறைவடையாத பட்சத்தில் அரசாங்கத் தரப்பாக அமைச்சு உரிய நடவக்கைகளை மேற்கொள்ளும் என தொழில் அமைச்சர் ரவீந்திர சமரவீர எமது செய்திப் பிரிவிடம் குறிப்பிட்டார்.
இதற்கமைய நல்லூர்க் கந்தன் ஆலயத்திற்கு முன்பாக காலை 9 மணிமுதல் மாலை 4 மணிவரை இந்த அடையாள உண்ணாவிரதப் போராட்டம் நடைபெறவுள்ளதாக தெரிவிக்கப்பட்டுள்ளது.
குற்றப்புலனாய்வுத் திணைக்கள அதிகாரிகளால் , சந்தேகநபர் கைது செய்யப்பட்டுள்ள நிலையில் , பின்னர் அவர் அனுராதபுரம் நீதவான் ஹர்ஷண கெகுணவெல முன்னிலையில்  முன்னிலைப்படுத்தப்பட்டார்.
அந்த பெண் அவர்களிடம் தன்னை விட்டு விடும்படி கெஞ்சுகிறார்.
ஆனால், அதை ஏற்காமல் அந்த வாலிபர்கள் அவரை இழுத்து செல்கின்றனர்.
இது தொடர்பாக விசாரணை மேற்கொண்ட கங்காகத் காவற்துறையினர் 2 பேரை கைது செய்துள்ளதாக இந்திய செய்திகள் தெரிவிக்கின்றன.
ஜனாதிபதி செயலகத்தினால் முன்வைக்கப்பட்ட கோரிக்கைக்கு அமைய அவருக்கு இந்த இடமாற்றம் வழங்கப்பட்டுள்ளதாக அஞ்சல் மற்றும் அஞ்சல் சேவைகள், முஸ்லிம் விவகார அமைச்சர் எம்.எச்.ஏ ஹலீம் எமது செய்திச் சேவைக்கு தெரிவித்தார்.
இன்று அதிகாலை கெபித்திகொல்லேவ தொடக்கம் மதவச்சி நோக்கி பயணித்த இலங்கை போக்குவரத்து சபைக்கு உரித்தான, பேருந்தில் இருந்து இறங்க முயற்சித்த  நபர் ஒருவர், பேருந்து பின் புற சில்லில் சிக்கி உயிரிழந்துள்ளார்.
இதன்போதே மனித எச்சங்கள் கண்டெடுக்கப்பட்டு வருவதாக கனேடிய செய்திகள் தெரிவிக்கின்றன .
அத்துடன், கனேடிய காவல்துறையினர் தொடர் விசாரணைகளை மேற்கொண்டு வருவதாக அந்நாட்டு செய்திகள் தெரிவிக்கின்றன.
கொழும்பில் நேற்று இடம்பெற்ற நிகழ்வொன்றில் கலந்துகொண்டு கருத்து வெளியிட்டபோதே அவர் இதனை தெரிவித்துள்ளார்.
கீழ்மட்டத்தில் உள்ள சமூகத்திலும் இத்தகைய மோசடிகள் இடம்பெறுகின்றன.
கீழ்மட்டத்தில் அரச பணியாளர்கள் மேற்கொள்ளும் மோசடிகள் சிறிதாக இருப்பினும், அவற்றை ஒருங்கிணைத்து நோக்குகின்றபோது அவையும் பல பில்லியன் ரூபாய்கள் அளவிற்கு பாரியதாக உள்ளன.
விமான நிலையம் தொடர்பில் அரசாங்க மதிப்பீட்டாளர்களினால், மதிப்பீடுகள் மேற்கொள்ளப்பட்டுள்ளது.
அதனூடாக பெறப்படும் லாபம் விகிதாசாரத்தின் அடிப்படையில் இரு நாடுகளுக்கும் பகிரப்படும் என்றும் அவர் குறிப்பிட்டுள்ளார்.
மீரிஹான விசேட குற்றதடுப்பு  பிரிவு ஒன்றுக்கு கிடைத்த தகவல் ஒன்றுக்கமைய சந்தேக நபர்கள் கைது செய்யப்பட்டுள்ளதாக காவற்துறை தெரிவித்துள்ளது.
கையாள் எழுதப்பட்ட குறித்த கடிதத்தில், கோழி உட்பட்ட உணவுகளை அவர்கள் கோரியுள்ளதாக சர்வதேச ஊடகங்கள் தெரிவித்துள்ளன.
இதேவேளை, சப்ரகமுவ மற்றும் மத்திய மாகாணங்களிலும் காலி, மாத்தறை மற்றும் களுத்துறை மாவட்டங்களிலும் மழை பெய்ய கூடும் எனவும் வளிமண்டலவியல் திணைக்களம் எதிர்வு கூறியுள்ளது.
தொழிற்சாலையின் பல உபகரணங்கள் சேதமடைந்துள்ளதாக குறிப்பிடப்பட்டுள்ளது.
இதன் காரணமாக அரசாங்கத்தின் மீதே மக்கள் குறை கூறி வருகின்றனர்.
அத்துடன், அவர்கள் பங்கேற்கும் எந்தவொரு நிகழ்விலும் பங்கேற்காதிருக்கவும், ஒத்துழைப்பு மற்றும் ஆதரவு வழங்காதிருக்கவும் தீர்மானிக்கப்பட்டுள்ளதாக இராணுவம் தெரிவித்துள்ளது.
தீவிரவாதிகளின் செயற்பாடுகளை கௌரவித்து, சமாதானம் தொடர்பில் வடக்கு கிழக்கு மக்களுக்கு உள்ள நம்பிக்கைக்கு பாதிப்பை ஏற்படுத்தும் வகையில் சிலர் உரைகளை நிகழ்த்துவதாக இராணுவம் தெரிவித்துள்ளது.
இதனூடாக யுத்தம் தொடர்பான எண்ணத்தை அவர்களின் மனங்களில் மீண்டும் ஏற்படுத்த நடவடிக்கை மேற்கொள்ளப்படுவதாகவும் இராணுவம் குறிப்பிட்டுள்ளது.
நல்லிணக்க பொறிமுறையை கட்டியெழுப்புவதற்காக இராணுவம் பாரிய பங்களிப்புக்களை மேற்கொண்டு வருகின்றது.
வடக்கு, கிழக்கு மக்களின் மனங்களை வென்றெடுத்து, அவர்களின் பல்வேறு பிரச்சினைகளுக்கு தீர்வைப் பெற்றுக்கொடுக்க முடிந்துள்ளதாகவும் இராணுவம் தெரிவித்துள்ளது.
கடற்றொழில் திணைக்களம் இதனை தெரிவித்துள்ளது.
இதேவேளை, குறித்த மீனவர்களை மீட்டுத்தருமாறு கோரி ஹிக்கடுவ, தொடகமுவ சந்தியில் ஆர்ப்பாட்டம் ஒன்று மேற்கொள்ளப்பட்டது.
கொலன்னாவ பகுதியில் நேற்று இடம்பெற்ற நிகழ்வொன்றில் வைத்து அவர் இதனைக் குறிப்பிட்டார்.
தற்போதைய அரசாங்கம் அவற்றை பாதுகாப்பதற்கு பதிலாக விற்பனைச் செய்து வருகின்றனது.
முன்னாள் நாடாளுமன்ற உறுப்பினர் அமரர் வீ.கே இந்திகவின் பூதவுடலுக்கு நேற்று இறுதி மரியாதை செலுத்திய மகிந்த ராஜபக்ஸ இதனைக் குறிப்பிட்டார்.
தனியார் தொலைக்காட்சி ஒன்றுக்கு வழங்கிய நேர் காணலில் அவர் இதனைக் குறிப்பிட்டுள்ளார்.
மக்களின் பிரதிநிதி என்ற வகையில் தமக்கு உரிமை உள்ளது என குறிப்பிட்டார்.
இதனிடையே, கடந்த தினத்தில் ஊடகவியலாளர்கள் மத்தியில் வைத்து தமக்கு தொலை பேசி அழைப்பு மேற்கொண்ட ரஞ்சன் ராமநாயக்க தொடர்பிலும் அவர் கருத்து தெரிவித்துள்ளார்.
ஒரு நாடாளுமன்ற உறுப்பினருக்கான வரப்பிரசாதங்களை அவர் மீறிவிட்டதாகவும் விஜயகலா மகேஸ்வரன் குறிப்பிட்டுள்ளார்.
சிங்கப்பூரில் நடைபெறவுள்ள மாநாடு ஒன்றில் கலந்து கொள்வதற்காக அவர் அங்கு செல்ல உள்ளார்.
இவர் அமெரிக்க பல்கலைக்கழகம் ஒன்றில் மென்பொறியியலாளர் கற்கையை மேற்கொண்டு வந்தார்.
இந்த நிலையில், நேற்று இரவு 7 மணியளவில் விருந்தகம் சென்ற அவரை இனந்தெரியாத நபர்கள் சுட்டுக்கொலை செய்துள்ளனர்.
குறித்த நபர்கள் சுற்றுலா சென்றுள்ள நிலையில் இந்த  சம்பவம் நேர்ந்துள்ளது.
ஹிக்கடுவை, தெல்வத்தை, தொட்டகமுவ பிரதேசங்களை சேர்ந்த 26 வயதுக்கும் 51 வயதுக்கும் இடைப்பட்டவர்களே இவ்வாறு காணாமல் போயுள்ளனர்.
சர்வதேச எரிபொருள் மாற்றத்திற்கு அமைய எரிபொருட்களின் விலையை இலங்கையில் பேணுவது தொடர்பாக நிதி அமைச்சு தமது பரிந்துரைகளை அமைச்சரவையில் சமர்ப்பிக்கவுள்ளதாக அறிவிக்கப்பட்டுள்ளது.
Many Europeans Oppose War in Iraq .
Iraq War Could Cost Taxpayers $2.7 Trillion .
Bureau of Labor Statistics (2009-04-15).
2008-01-12 அன்று பரணிடப்பட்டது.
Soybean Demand Continues to Drive Production .
A New Deal of Their Own .
அவரது நியமனத்திற்கு ஐந்து ஜனநாயக கட்சியினர் மாத்திரமே ஒப்புதல் அளித்தனர்.
போதிய அனுபவம் இன்மை மற்றும் சுரங்கத் தொழில்துறையில் அவரது குடும்பத்தின் தொடர்பு ஆகியவை கொள்கைகளில் செல்வாக்குச் செலுத்தலாம் என்று ஜனநாயக கட்சியினர் கவலை தெரிவித்துள்ளனர்.
கடந்த புதன்கிழமை இரவு இடம்பெற்ற இந்த தாக்குதலுக்கு சுன்னி முஸ்லிம் போராட்டக் குழுவான ஜெயிஷ் அல் அதில் (நீதிக்கான இராணுவம்) பொறுப்பேற்றுள்ளது.
“தக்பீர் தீவிரவாதிகள் மற்றும் மேலாதிக்க சக்திகளின் உளவுச் சேவை கூலிப்படைகள்” மீது ஈரான் குற்றம்சாட்டியுள்ளது.
தாக்குதல் இடம்பெற்ற மாகாணம் அபின் போதைப்பொருள் கடத்தல் இடம்பெறும் பிரதான பாதையாக இருப்பதோடு இங்கு போதைக் கடத்தல்காரர்கள் மற்றும் பலுச் பிரிவினைவாதிகளுடன் ஈரானிய இராணுவம் அடிக்கடி சண்டையில் ஈடுபட்டு வருகின்றமை குறிப்பிடத்தக்கது.
உடல் முழுவதும் அம்மை பாதிப்பால் அவதியுற்றார்.
அவருக்குத் தேவையானதை சைகை மூலமே கேட்கிறார்.
குடும்ப உறுப்பினர்களும் அவ்வப்போது முதல் மாடியில் உள்ள கருணாநிதியிடம் பேசுவதற்காகச் செல்கின்றனர்.
மாறாக தீர்ப்பை செயல்படுத்த 3 மாத கால அவகாசம் கேட்டது.
ஜனாதிபதி செயலகத்தில் ஜனாதிபதி மைத்திரிபால சிறிசேனவை சந்தித்து உரையாடியபோதே அவர் இதனைத் தெரிவித்தார்.
திடீர் காலநிலை மாற்றங்களுக்கு முகங்கொடுத்துள்ள விவசாயத் துறை மற்றும் நீர்ப்பாசனத்துறை, மீள்பிறப்பாக்கி மின்சக்தி, கிராமிய பிரதேசங்களில் குளங்களை புனரமைத்தல்,ஆகியன இந்த புதிய செயற்திட்டங்களில் உள்ளடங்குகின்றன.
உலக வங்கியின் வலய சிரேஷ்ட முகாமையாளர்களின் மாநாட்டுக்கு தலைமை தாங்க,இலங்கைக்கு வருகை தந்துள்ள அவர் உலக வங்கி தனது வருடாந்த கூட்டத்தொடரை நடாத்துவதற்கு இலங்கையை தெரிவு செய்திருப்பதாகவும் குறிப்பிட்டார்.
இது தொடர்பில் விசாரணைகள் முன்னெடுக்கப்பட வேண்டும் என்றும் அவர் கேட்டுக் கொண்டார்.
மக்கள் நீதி மய்யத்தில் வழங்கப்படுவது பதவி அல்ல.
அது ஒவ்வொருவரின் பொறுப்பு என்பதை பலமுறை கூறியிருக்கிறேன்.
தொகுதி பொறுப்பாளர்களின் வரவு, மக்கள் நீதி மய்யத்தை வலுப்படுத்தும்.
மக்கள் நீதி மய்யத்தின் வலிமை தமிழகத்தை வளப்படுத்தும்.
வெள்ளப் பெருக்கினாலும், இரணைமடுக்குளத்தின் வான் கதவுகள் திறக்கப்பட்டதால் வெளியேறிய நீராலும் அக்கராயன், பிரமந்தனாறு, கலமடுக்குளம், கரியாலை,நாகபடுவான் போன்ற குளங்கள் வான் பாய்ந்தமையினால் வெளியேறிய நீராலும் பிரதான வீதிகள் பெருமளவு சேதமடைந்துள்ளன.
இரண்டு மணித்தியாலங்களுக்கு மேல் நீடித்த அவருடைய உரை நாட்டின் தற்போதைய பொருளாதார குறைபாடுகள் மற்றும் அதிகரித்த வளர்ச்சிக்கான அதன் பாதைகள் தொடர்பானதாக இருந்தது.
இறக்குமதிக்கு ஒத்ததாக ஏற்றுமதி இருக்கவில்லையென்றால் நடைமுறைக்கணக்கின் பற்றாக்குறை விரிவடையும்.
இலங்கையின் பிரதான ஏற்றுமதிப் பொருட்களாக தேயிலை, இறப்பர், மாணிக்கக்கற்கள், தைத்த ஆடைகள் என்பன பல வருடங்களாக இருக்கின்றன.
ஒன்றின் மாதிரிப்படி செய்வது, அதை மறுபடியும் மறுபடியுமாகச் செய்வது என நீண்ட காலமாக கற்றுக்கொள்வதன் மூலமே அந்த அறிவு கிடைக்கிறது.
இங்கு ஹோஸ்மான் பல திறமைகளுக்கு எழுத்துக்களை ஒப்பிட்டுப் பேசினார்.
‘A’ என்ற ஒரு எழுத்து இருந்தால் நீங்கள் ஒரு சொல்லை உருவாக்கலாம்.
வளர்ச்சியடைந்த நாடுகளில் இவ்வாறான எழுத்துக்களுக்கும் ஆற்றல்களுக்கும் வசதிகள் உண்டு எனக் கருதுகிறார் அவர்.
பல சொற்கள் கொண்ட நாடுகளில் கடினமான பல பொருட்களை உருவாக்கிவிடலாம்.
உதாரணம்: பெண்களின் பாவாடையை தைக்கத் தெரிந்த நாடுகள் பெண்களின் ஆடைகளைத் தைக்கலாம்.
நாட்டில் புதிய பொருட்களை உருவாக்கக் கூடிய அறிவு இல்லை என்பதைத்தான் இது வெளிப்படுத்துகிறது.
இந்த இணைப்பினால் அறிவு விசாலமடைகிறது.
கடைசியாக, நேரடி சந்தைப்படுத்தல் நடவடிக்கைகள், சந்தர்ப்பங்களைத் தேடும் முதலீட்டார்களுடன் கலந்துரையாடல்களை மேற்கொண்டு முதலீட்டுக்கு ஊக்கம் கொடுக்க வேண்டுமென்றும் ஹோஸ்மான் தனது பரிந்துரைகளில் மேலும் குறிப்பிட்டார்.
“வட கொரியாவில் வேகமான அணு ஆயுதக்களைவை செயற்படுத்தும் வகையிலேயே அமெரிக்கா மற்றும் வட கொரியா இடையிலான பேச்சுவார்த்தை ஆரம்பிக்கப்படும்.
உமா ஓய திட்டத்தினால் தமது வீடு வாசல்களுக்கு சேதம் ஏற்பட்டிருப்பதாக போராட்டக்காரர்கள் தெரிவித்திருந்தனர்.
அலரி மாளிகையில் நேற்று வெள்ளிக்கிழமை நடைபெற்ற ஊடகவியலாளர் சந்திப்பில் கலந்துகொண்டு உரையாற்றிய போதே அவர் மேற்கண்டவாறு கூறினார்.
அடுத்தவாரம் அவர்கள் தமது விளக்கத்தை முன்வைப்பார்கள்.
சில அரசியல்வாதிகள் இதனை முஸ்லிம் மக்களுக்கு எதிராக செய்யப்படும் செயற்பாடென அர்த்தப்படுத்த பார்க்கின்றனர்.
அதற்கான அதிகாரம் மேற்படி குழுக்களுக்கு உள்ளன.
ஊழல் தடுப்புச் சட்டத்தில் திருத்தம் கொண்டு வர மத்திய அரசு முடிவு செய்தது.
இதையடுத்து ஊழல் தடுப்பு திருத்தச் சட்டம் கடந்த ஜூலை 26-ம் திகதி முதல் அமுலுக்கு வந்துள்ளதாக மத்திய அரசு தெரிவித்துள்ளது.
புதிய சட்டத்தின்படி இலஞ்சம் கொடுப்பவர்களுக்கும் இனி சிறைத் தண்டனை கிடைக்கவுள்ளது.
பாடலும், படமும் பெரிய வெற்றியைப் பெற்றது.
கூடவே சௌந்தர்யாவுக்குத் தெலுங்குப் பட வாய்ப்புகளும் தொடந்து வந்தன.
திரையரங்குகளில் குடும்பம் குடும்பமாக மக்கள் இந்தப் படத்தை ரசித்தார்கள்.
இவரின் தந்தை கன்னடத் திரைப்பட எழுத்தாளர் சத்யநாராயண் நினைவாக 2002-ல் சௌந்தர்யா தயாரித்து நடித்த `Dweepa' திரைப்படம் தேசியவிருது உட்பட பல விருதுகளை வென்றது.
ஏனெனில், செளந்தர்யா அவர் நடித்த கேரக்டர்களில் இயல்பில் கரைந்துவிடுவார்.
ஆனால், 2003-ல் தனது உறவினரான பிரகாஷ் என்பவரைத் திருமணம் செய்துகொண்டார்.
தன் குடும்பத்தினர் முன்னிலையிலேயே சௌந்தர்யா உடல் கருகி உயிரிழந்தார்.
அப்போ, `சௌந்தர்யா கன்னடத்தில் நடிச்ச படங்கள் சரியாகப் போகலை'னு தயாரிப்பாளர் சொன்னார்.
'நான் நிறையா படங்கள்ல தொடர்ந்து நடிச்சுக்கிட்டு இருந்ததுனால ஒரே சமயத்துல ரெண்டு படங்களோட ஷூட்டிங்ல நடிக்கவேண்டிய கட்டாயம் இருக்கும்.
`கொஞ்சம் லேட்டா வருவேன் சார்'னு மேனேஜர்கிட்ட சொல்லிடுவேன்.
அவங்க ஒரு வார்த்தை பேசலை.
மறுபடியும் கேரவனுக்குப் போயிட்டு வந்தாங்க. மறுநாள் ஏப்ரல் 13-ம் தேதி இன்னொரு சாங் ஷூட் இருந்தது.
ஒரு மதியநேரம், `சந்திரமுகி' எடுக்கலாம்னு சிவாஜி ப்ரொடக்‌ஷன்ல நான் பேசிட்டு இருந்தேன்.
பிரபுவோட அண்ணன் ராம்குமார்கிட்ட சௌந்தர்யா அனுப்புன மெசெஜைக் காட்டி, சௌந்தர்யாதான் இந்தப் படத்தோட ஹீரோயின்னு சொல்லிக்கிட்டு இருந்தேன்.
ராம்கிட்ட `நான் வீட்டுக்குக் கிளம்புறேன்'னு வந்துட்டேன்!.
ஆர்.வி.உதயகுமார் போன் பண்ணி, `அண்ணன் என் படத்துல அறிமுகமாகி, உன் படத்துல கடைசியா நடிச்சுட்டு அந்தப் பொண்ணு போயிடுச்சே!'னு ஃபீல் பண்ணார்.
யார் சொன்னாலும் இதை நம்பமாட்டாங்க. ஒரு சினிமா கதை மாதிரி இருக்கும்.
இவ்வாறான நியமனங்களை அங்கீகரிக்கையில் அரசியலமைப்பு சபை பின்பற்றும் நடைமுறைகள் உசிதமானதாக இல்லை என்று ஐக்கிய மக்கள் சுதந்திர முன்னணி உறுப்பினர்கள் மட்டுமன்றி ஜனாதிபதியும் விமர்சித்திருந்தார்.
அரசியலமைப்பு சபை தொடர்பாக பாராளுமன்றத்தில் அண்மையில் இடம்பெற்ற விவாதத்தின்போது விடுக்கப்பட்ட குற்றச்சாட்டுகளுக்கு பதில் கூறும் வகையிலான விளக்க குறிப்பு ஒன்றை கடந்த சனிக்கிழமை அரசியலமைப்பு சபை ஊடகங்களுக்கும் அனுப்பியிருந்தது.
மேற்கூறிய நடைமுறை பற்றி ஜனாதிபதிக்கும் அனைத்து பாராளுமன்ற உறுப்பினர்களுக்கும் தெரிவித்துள்ள அரசியலமைப்பு சபை, குறிப்பிட்ட அந்த நடைமுறையில் திருத்தம் தேவைப்பட்டால் அது பற்றி ஆலோசனைகளை தெரிவிக்குமாறும் கேட்டுள்ளது.
அதேவேளை அரசியலமைப்பு சபையானது நிறைவேற்றுஅதிகாரம்,பாராளுமன்றம் மற்றும் நீதித்துறையை கட்டுப்படுத்த முயலுவதாகவும் அண்மையில்  ஜனாதிபதி விமர்சித்தமை  தொடர்பாகவும் ஊடக அறிக்கை மூலம் அரசியலமைப்பு சபை தனது கருத்தை கூறியுள்ளது.
ஜனாதிபதி சிபார்சு செய்து அனுப்பும் பெயர்களை அங்கீகரிப்பது அல்லது அங்கீகரிக்காமல் விடுவதை மட்டுமே அரசியலமைப்பு சபை செய்கிறது.
மேற்குறிப்பிட்ட பெயர்களில் நான்கு பெயர்கள் மட்டுமே நிராகரிக்கப்பட்டதாகவும் அத்துடன் அவ்வாறு நிராகரிக்கப்பட்டதற்கான காரணங்களும் ஜனாதிபதிக்கு எழுத்து மூலம் அனுப்பப்பட்டுள்ளதாகவும் அரசியலமைப்பு சபை கூறுகிறது.
அவர் கைது செய்யப்பட்டதாக சவூதி அரேபிய பொலிஸார் குறிப்பிட்டுள்ளனர்.
கஃபாவின் கறுப்பு துணிக்கு அருகில் ஒருவர் பெட்ரோல் ஊற்றுவதை கண்டு பொலிஸாரை அறிவுறுத்தியதாக சம்பவத்தை பார்த்த ஒருவர் செய்தி ஊடகம் ஒன்றுக்கு குறிப்பிட்டுள்ளார்.
இந்த சம்பவம் குறித்த வீடியோ பதிவொன்று சமூகதளங்களில் பரவியுள்ளது.
அதில் ஒரு நபரை பொலிஸார் புனித கஃபாவுக்கு அருகில் இருந்து இழுத்துச் செல்வதை காண முடிகிறது.
இந்துத்வா கொள்கையை கடைப்பிடித்து வரும் சிவசேனா, மதசார்பற்ற கொள்கை கொண்ட காங்கிரசுடன் நேரடி பேச்சுவார்த்தையில் ஈடுபட்டதால் மராட்டியத்தில் புதிய கூட்டணி உருவாவது உறுதியானது.
இந்தநிலையில் சிவசேனா தலைவர் உத்தவ் தாக்கரே, காங்கிரஸ் மாநில தலைவர் பாலசாகேப் தோரட், தேசியவாத காங்கிரஸ் மாநில தலைவர் ஜெயந்த் பாட்டீல் ஆகியோர் மும்பை விமானம் நிலையம் அருகே உள்ள ஒரு ஓட்டலில் இரகசியமாக சந்தித்து பேசிய தகவல் வெளியானது.
அப்போது விரைவில் ஆட்சி அமைக்க முன்வர வேண்டும் என்று காங்கிரஸ், தேசியவாத காங்கிரசை உத்தவ் தாக்கரே கேட்டுக்கொண்டதாக தெரிகிறது.
21/2 மணி நேரம் நடந்த இந்த கூட்டத்தில், முதல்-மந்திரி, துணை முதல்-மந்திரி, சபாநாயகர் பதவிகள் யார்- யாருக்கு?, மற்றும் அரசில் செயல்படுத்தப்பட வேண்டிய குறைந்தப்பட்ச செயல் திட்டம் ஆகியவை குறித்து விரிவாக விவாதிக்கப்பட்டதாக தெரிகிறது.இந்த நிலையில் நாளை (ஞாயிற்றுக்கிழமை) டெல்லி செல்லும் சரத்பவார் அங்கு காங்கிரஸ் தலைவர் சோனியா காந்தியை சந்தித்து பேச உள்ளதாக கூறப்படுகிறது.
இந்த 3 கட்சிகளிடமும் ஆட்சி அமைக்க போதிய எம்.எல்.ஏ.க்கள் பலம் இருப்பதால், அவர்கள் உரிமை கோரும் பட்சத்தில் மாநிலத்தில் ஜனாதிபதி ஆட்சி விலக்கி கொள்ள வாய்ப்பு உள்ளது.
ஆனால் தனிப்பெரும் கட்சியாக திகழும் பாரதீய ஜனதா அமைதி காக்குமா? அல்லது இந்த புதிய கூட்டணியின் முயற்சிக்கு முட்டுக்கட்டை போடுமா? என்ற எதிர்பார்ப்பும் எகிறி உள்ளது.
மறுதேர்தலை சந்திக்க நாங்கள் தயாராக இல்லை என்று பாரதீய ஜனதா தலைவர் அமித்ஷாவும், 145 எம்.எல்.ஏ.க்கள் பெயர் பட்டியலுடன் ஆட்சி அமைக்க உரிமை கோருவதற்கு கவர்னரை சந்திப்போம் என மாநில பாரதீய ஜனதா மூத்த தலைவர் நாராயண் ரானேயும் கூறியிருப்பது குறிப்பிடத்தக்கது.
அது நரம்பு, எலும்பு மற்றும் தசை மண்டலங்களில் ஏற்படும் பாதிப்புகளை குணமாக்குகின்றது.
இதில் உள்ள விட்டமின் ஏ, பி, சி - நோய் எதிர்ப்பு சக்தியை உருவாக்குகின்றது.
சிறந்த நோய் எதிர்ப்பு சக்தியாக பயன்படுகின்றது.
நுரையீரலை பாதுகாக்கச் செய்கின்றது.
சிறுநீர் பாதை தொற்றுகளை தடுக்கின்றது.
இதன் இலையை எண்ணெய் விட்டு வதக்கி வீக்கம், கட்டிகளுக்கு கட்ட அவை சீக்கிரம் கரைந்து போகும்.
முதல் முறையாக 12 நாடுகள் இந்தப்போட்டியை நடத்துகின்றன.
‘டி’ குரூப்பில் நடந்த ஆட்டம் ஒன்றில் சுவிட்சர்லாந்து- ஜிப்ரால்டர் அணிகள் மோதின.
அந்த அணி 8-வது முறையாக நுழைந்துள்ளது.
கைவிடப்படும் மலையேறும் சாதனங்கள், கூடாரங்கள், எரிவாயுக் கலன்கள் ஆகியவை அங்கு குப்பைகளாகக் குவிகின்றன.
14 பேர் கொண்ட துப்புரவுக் குழுவை நேப்பாள அரசாங்கம் எவரஸ்ட் சிகரத்திற்கு அனுப்பியுள்ளது.
ஒன்றரை மாதத்திற்குள் 10,000 கிலோகிராம் குப்பையைச் சேகரிப்பது குழுவின் இலக்காக உள்ளது.
மத்துகம பிரதேசம் நேற்றைய தினம் சோகத்தில் மூழ்சியிருந்தது.
நகரெங்கும் வெள்ளைக் கொடிகள் கட்டி மக்கள் தங்களது துயரத்தை வெளிக்காட்டியிருந்தனர்.
அங்குள்ள பரபரப்பான போக்குவரத்து விதியை மீறி கார் ஒன்றை மர்ம நபர் ஒருவர் அதி வேகத்தில் ஓட்டிச்சென்றார்.
தீயணைப்பு படையினரும் பொலிஸாரும் விரைந்து சென்று தீயை அணைத்து மீட்பு பணியில் ஈடுபட்டனர்.
தபால் திணைக்கள ஊழியர்களின் சில பிரச்சினைகள் தொடர்பாக கோரிக்கைகள் முன்வைக் கப்பட்டுள்ளன.
பெரும்பாலான தொழிற்சங்கங்கள் அதற்கு இணக்கம் தெரிவித்துள்ளன.
அவர்கள் தொழிற்சங்க நடவடிக்கைகளை இடை நிறுத்துவதாக தெரிவித்திருக்கின்றனர்.
பாகிஸ்தான் நாட்டிற்கு ஆதரவாக இந்த நாடுகள் கருத்துத் தெரிவித்தன.
இதனால் தற்போது இந்தியா _மலேசியா இடையே பலத்த கருத்து மோதல் மூண்டுள்ளது.
கடந்த சில நாட்களுக்கு முன்னர் ஐ.நா மாநாட்டில் மஹதீர் முஹமட் பேசுகையில்," ஐ.நா ஒப்பந்தத்தை இந்தியா மீறி உள்ளது.
ஜம்மு காஷ்மீரில் இந்தியா எல்லை மீறி நுழைந்து, ஆக்கிரமித்துள்ளது.
இதையடுத்து இந்தியாவின் வெளியுறவுத்துறை செய்தித் தொடர்பாளர் ரவீஷ் குமார் இதற்கு பதில் அளித்தார்.
அவரின் பேச்சு உண்மைக்கு மாறானது.
இந்த நிலையில் இந்தியா மலேசியாவிற்கு எதிராக இராஜாங்க ரீதியான நடவடிக்கைகளை எடுக்கப் போகிறது என்று செய்திகள் வந்தனது.
அதுமட்டுமின்றி ஐ.நாவில் பாகிஸ்தானுக்கு ஆதரவாகப் பேசிய துருக்கி நாட்டின் மேல் இந்தியா கோபத்தில் இருக்கிறது.
இதற்காக ஏற்கனவே துருக்கி நாட்டின் இராணுவ தளவாட உற்பத்தி நிறுவனங்களுடன் இந்தியா உறவை முறித்துக் கொண்டுள்ளது.
அதில், "நான் என்னுடைய கருத்தில் உறுதியாக இருக்கிறேன்.
ஐநாவின் ஒப்பந்தத்தை இந்தியா மீறி விட்டது.
அதில் நான் உறுதியாக உள்ளேன்.
இதுபோன்ற தவறை எந்த நாடு செய்தாலும் மலேசியா எதிர்த்து கேள்வி கேட்கும்.
இதுஒருபுறமிருக்க, "சட்டத்தின் அடிப்படையில்தான் தமிழீழ விடுதலைப் புலிகளுடன் தொடர்பு வைத்திருந்தோர் மீது நடவடிக்கை எடுக்கப்பட்டதே தவிர யாரையும் பலவீனப்படுத்த அல்ல" என மலேசியா பிரதமர் விளக்கம் அளித்திருக்கிறார்.
முன்னாள் ஜனாதிபதி அப்துல்லாஹ் யாமீன் அப்துல் கையூமை கொலை செய்ய முயற்சித்தார் என்ற குற்றச்சாட்டின் பேரிலேயே அவர் சிறையில் அடைக்கப்பட்டுள்ளார்.
வெள்ளிக்கிழமையன்று மாலை தீவு சென்ற அமைச்சர் பைஸர் முஸ்தபா திங்களன்று நாடு திரும்பினார்.
இம்முறை 1919 பெண்கள் தெரிவாகியுள்ளனர்.
எல்லைநிர்ணயத்தில் குறைபாடுகள் இருப்பதாக அரசியல் கட்சிகள் சுட்டிக்காட்டியுள்ளன.
கட்சி, இன, மத பேதமின்றி சகல பட்டதாரிகளுக்கும் தொழில்வாய்ப்பு வழங்க முடிவு செய்யப்பட்டுள்ளது.
இது தவிர குடிவரவு குடியகல்வு திணைக்களம் என்பவற்றிலும் வெற்றிடம் காணப்படுகிறது.
சமுர்த்தி உதவி பெறும் மற்றும் வறிய குடும்பங்களை சேர்ந்த சாதாரண தரப் பரீட்சையில் சித்தி பெறாத ஒரு இலட்சம் பேருக்கு தொழில் வழங்குவதற்கு விண்ணப்பம் இப்போது கோரப்பட்டுள்ளது.
கடந்த புதன் இரவு அந்த வீரர் எல்லையைக் கடந்ததாகத் தென் கொரியா தெரிவித்தது.
தற்போது மேற்குத் தொடர்ச்சி மலைப் பகுதியில் பிஜி கிருஷ்ணமூர்த்தி என்பவர் நக்சலைட் அமைப்புகளை வழிநடத்தி வருகிறார்.
விக்ரம் கவுடா என்பவர் ஆயுத உதவி செய்து வருகிறார்.
இதனால், அங்கு நக்சலைட்டுகள் நடமாடுவதில் பிரச்சினை இருக்காது.
ஏற்கனவே இக்கேள்வியை சில தடவைகள் வாசுதேவ எம். பி. சபையில் கேட்டிருந்த போதும் அப்போது அதற்கு கால அவகாசம் கோரப்பட்டிருந்த நிலையில் நேற்று இக்கேள்வி மீண்டும் வாய்மூல விடைக்கான வினாக்கள் வேளையில் எழுப்பப்பட்டது.
அதற்கான பதிலை சிறைச்சாலைகள் மறுசீரமைப்பு, புனர்வாழ்வு மற்றும் மீள் குடியேற்ற அமைச்சர் டி. எம். சுவாமிநாதன் சபையில் சமர்ப்பித்தார்.
அரச அலுவலங்களில் மறைந்த முன்னாள் முதல்வர் ஜெயலலிதாவின் புகைப்பபடத்தை அகற்ற கோரி திமுக சட்டமன்ற உறுப்பினர் அன்பழகன் தொடர்ந்த வழக்கில் தமிழக அரசுக்கு உயர் நீதிமன்றம் நோட்டீஸ் அனுப்பியுள்ளது.
மறைந்த முன்னாள் முதல்வர் ஜெயலலிதா, அவரது தோழி சசிகலா உள்ளிட்ட நால்வர் மீதான சொத்துக்குவிப்பு வழக்கின் மேல்முறையீட்டில் உச்ச நீதிமன்றம் கடந்த 14-ஆம் திகதி தீர்ப்பளித்தது.
இதனைத் தொடர்ந்து சொத்துக் குவிப்பு வழக்கில் குற்றவாளி என்று தீர்ப்பளிக்கப்பட்ட முன்னாள் முதல்வர் ஜெயலலதாவின் படத்தை அரச அலுவலங்களில் இருந்து அகற்ற வேண்டும் என்று கோரி திமுக சட்டமன்ற உறுப்பினர் ஜெ.அன்பழகன் சென்னை உயர் நீதீமன்றத்தில் வழக்கு தொடர்ந்தார்.
இந்நிலையில் இந்த வழக்கு நேற்று விசாரணைக்கு வந்தது.
வழக்கை விசாரித்த நீதிபதிகள் இது தொடர்பாக விளக்கம் அளிக்குமாறு தமிழக அரசுக்கு உத்தரவிட்டு வழக்கை வரும் 20-ஆம் திகதிக்கு ஒத்தி வைத்தனர்.
அவர் எதிர்நோக்கியுள்ள பொருளாதார நெருக்கடி மற்றும் அவரது பிள்ளைகளின் கல்வி  நடவடிக்கைகளை கருத்திற்கொண்டு ஜனாதிபதி, 10 இலட்ச ரூபா நிதியுதவியை அவருக்கு வழங்கினார்.
எவ்வாறெனினும் ஐக்கிய மக்கள் சுதந்திர முன்னணி எதிர்க்கட்சியாக உள்ளதா என்பதே இப்போது நமக்குள்ள கேள்வியாகும்.
இந்நிலையில் ஐக்கிய மக்கள் சுதந்திர முன்னணி  எதிர்க்கட்சியாக கருதப்படமுடியாது.
ஐக்கிய மக்கள் சுதந்திர முன்னணியின் மூன்று உறுப்பினர்கள் மூன்று நாட்களுக்கு முன்னர் அரசாங்கத்தின் பக்கம் வந்தனர்.
அதற்கு முன்னர் மூன்று உறுப்பினர்கள் இதேபோல் கட்சி தாவினர்.
அத்துடன் எதிர்வரும் நாட்களில் மேலும் பல ஐக்கிய மக்கள் சுதந்திர முன்னணியின் பாராளுமன்ற உறுப்பினர்கள் அரசாங்கத்தின் பக்கம் வரக்கூடும்.
மேலே குறிப்பிடப்பட்ட சூழலின் பிரகாரம் ஐக்கிய மக்கள் சுதந்திர முன்னணி எந்த வகையிலும் எதிர்க் கட்சியில் உள்ள ஒரு கட்சி என்று கூற முடியாது.
பிரதம நீதியரசர் சரத் சில்வாவின் தலைமையில் உயர்நீதிமன்றம் வழங்கிய ஆலோசனையை அடுத்தே அவர் இவ்வாறு பாதுகாப்பு அமைச்சர் பதவியினை வகித்திருந்தார்.
எந்தநிலையிலும் மஹிந்த ராஜபக்ஷவும் மற்றும் பல பாராளுமன்ற உறுப்பினர்களும் அரசியலமைப்பின் 99 (13) (a) என்ற சட்டவாக்கத்தின் செயற்பாட்டில் பாராளுமன்ற உறுப்பினர்கள் பதவிகளை இழக்கின்றனர்.
அவர்கள் ஸ்ரீலங்கா சுதந்திரக்கட்சியில் இருந்து விலகி ஸ்ரீலங்கா பொதுஜன பெரமுன கட்சியில் இணைந்துகொண்டது அனைவருக்கும் தெரிந்ததே.
ஸ்ரீலங்கா சுதந்திர கட்சி மற்றும் ஐக்கிய மக்கள் சுதந்திர முன்னணி ஆகியவற்றின் யாப்பின்படி ஸ்ரீலங்கா சுதந்திர கட்சியின் உறுப்பினர் பதவியில் இருந்து எவரேனும் விலகும் பட்சத்தில் அவர் தானாகவே ஐக்கிய மக்கள் சுதந்திர முன்னணியில் பதவியை இழக்கிறார்.
எனவே இந்த விடயம் விரைவில் தீர்க்கப்பட வேண்டும்.
அரசாங்கத்தின் கொள்கையும், அதிகார வர்க்கத்தின் செயற்பாடுகளும் இடைவெளி கொண்டதாக அமையும்போது, மக்களின் நியாயமான எதிர்பார்ப்புகளை பெற்றுக் கொள்ள முடியாது போய்விடுகின்றது.
மக்கள் பிரதிநிதிகளை விட நிருவாக அதிகாரிகள் என்ற பிரதிநிதிகள் பொறுப்பு மிக்கவர்களாவர்.
அவர்கள் பொதுமக்களுக்குப் பதிலளிக்கக் கடமைபட்டவர்களாவர்.
ஆனாலும், இன்றும் அரச அலுவலகங்களில் மக்களுக்கான பணி கள் ஆமை வேகத்திலேயே நடந்து கொண்டிருக்கின்றன.
இதனால் மக்கள் விரக்தியுடனேயே காணப்படுகின்றனர்.
அரச உத்தரவுகள் கூட இன்று சரியாகப் பேணப்படுவதில்லை.
இது போன்ற சம்பவங்கள் நிறையவே நடந்து கொண்டுதான் இருக்கின்றன.
பெரும்பான்மையான உள்ளூராட்சிச் சபைகள் எதிரணிக் கட்சிகளிடமே காணப்படுகின்றன.
அமெரிக்காவின் டெக்சாஸ் மாநிலத்தை ஹார்வே புயல் தாக்கியதில் அங்குள்ள ஹுஸ்டன் நகரம், ஒஸ்டின் நகரம் ஆகியவை கடுமையாக பாதிக்கப்பட்டுள்ளன.
நகரின் 3இல் ஒரு பகுதி வெள்ளத்தில் மூழ்கியுள்ளது.
ஹுஸ்டன் மற்றும் அதை ஒட்டி உள்ள பகுதிகளில் அதிகமானோர் வெள்ளத்தில் சிக்கி தவிக்கின்றனர்.
32 ஆயிரம் பேரை மீட்டு முகாம்களில் தங்க வைத்துள்ளனர்.
எனவே, புயல் மழைக்கு பலியானோர் எண்ணிக்கை 47 ஆக உயர்ந்துள்ளது.
“அமெரிக்க மக்கள் அனைவரும் உங்களுடன் இருக்கின்றனர்”
“இதற்கு முன்னால் இருந்ததைவிட, இந்த நகரமும், மாநிலமும், பிராந்தியமும் பெரிதாக, மேம்பட்டதாக மீள்கட்டமைக்கப்படும்வரை தினமும் நாங்கள் உங்களுடன் இருப்போம்” என்று அவர் கூறியுள்ளார்.
தொடக்க பேரிடர் மீட்புதவி தொகையாக 5.9 பில்லியன் டொலர்களை அமெரிக்க ஜனாதிபதி டொனால்ட் டிரம்ப் கேட்பார் என்று எதிர்பார்ப்பதாக அசோசியேடட் பிரஸ் செய்தி வெளியிட்டுள்ளது.
3 லட்சத்து 11 ஆயிரம் பேர் பேரிடர் மீட்புதவிக்காக பதிவு செய்துள்ளதாகவும், இந்த நிதி கோரிக்கைக்கு பாராளுமன்றத்திடம் இரு கட்சிகளின் ஆதரவும் கிடைக்கும் என்று நம்புவதாகவும் துணை ஜனாதிபதி பென்ஸ் தெரிவித்திருக்கிறார்.
நல்லாட்சி அரசாங்கம் ஆட்சியமைக்கும்போது, 'டெப்சுமாப்' (Tabsumab) எனப்படும் மருந்து ரூபா 280,000 இற்கு விற்கப்பட்டது; அது ரூபா 144,000 ஆக குறைக்கப்பட்டது.
நல்லாட்சி அரசாங்கம் ஆட்சிக்கு வரும் வரை,  சுகாதார அமைச்சினால், சுதந்திர சுகாதார சேவை எனும் பெயரில், மருந்து நிறுவனங்களுக்கே பணம் செலுத்தி வந்துள்ளது.
அதன் மூலம் பல்வேறு வர்த்தகப் பெயர்களுடனான 400 வகையான மருந்துகளின் விலைகள் கட்டுப்படுத்தப்பட்டன.
“அவர்கள் கொடூரமாக மனிதாபிமானமற்ற முறையில் கொல்லப்பட்டுள்ளனர்”
என்று அவர் மேலும் குறிப்பிட்டுள்ளார்.
கோட்டாபய ராஜபக்ஷ ஒரு பயங்கரமான மனிதர் அல்ல.
அவர் ஒரு சர்வாதிகாரியாக இருப்பாரென யாரும் அவரைக்கண்டு அஞ்ச வேண்டாம்.
ஜனாதிபதித் தேர்தலில் போட்டியிட எனக்கு அதிர்ஷ்டம் இல்லை என்றும் அவர் கூறினார்.
கொழும்பு, கிங்ஸ்பரி ஹோட்டலில் நேற்று நடைபெற்ற ஊடகவியலாளர் சந்திப்பில் கலந்துகொண்டு உரையாற்றிய போதே அவர் மேற்கண்டவாறு கூறினார்.
அவர் மேலும் கருத்து வெளியிடுகையில், .
மஹிந்த ராஜபக்ஷ தலைமையிலான அரசு ஒன்றை மக்கள் எதிர்பார்க்கிறார்கள்.
இந்தநிலையில், வடக்கு, கிழக்கு, மலையகம் எனப் பல கட்சிகள் எங்களுடன் உள்ளன.
சர்வதேச ரீதியாக நாங்கள் கடந்த காலங்களில் விட்ட தவறுகளை மீண்டும் செய்யமாட்டோம்.
அவர்களின் பிரச்சினைகள் பலவற்றை கடந்த ஆட்சியில் நாங்கள் தீர்த்தோம்.
தொழிலாளர்கள் சம்பள விடயத்தில் நாங்கள் முழுக் கவனம் செலுத்துவோம் என்றார்.
அறிவிப்பு, அறிக்கை கணக்கீடுகள் மட்டும் புயல் நிவாரண பணிக்கு தீர்வாகாது என்று திருச்சி விமான நிலையத்தில் தமிழக பாஜக தலைவர் தமிழிசை சௌந்தரராஜன் கூறியுள்ளார்.
தொடர்ந்து தற்போது 35 ஆயிரம் குடும்பங்களுக்கு மருந்து உள்பட ஒரு குடும்பத்திற்கு தேவையான பொருட்களையும் பா.ஜனதா சார்பில் வழங்க 3 பெரிய டிரக் வண்டிகளில் பொருட்கள் கொண்டு செல்கிறோம்.
அவர் இப்போது தான் ஆராய்ச்சியில் இறங்கியுள்ளார்.
அவர் ஆராய்ச்சி செய்யட்டும்.
அவர் எங்களோடு வந்து தாராளமாக பணியாற்றலாம்.
மறைந்த முதல்வர் ஜெயலலிதா இருந்த போது வந்த தானே புயலுக்கு மத்திய அரசு எவ்வளவு நிதி கொடுத்தது.
இவ்வாறு அவர் கூறினார்.
செவ்வாயின் தென் துருவத்தின் பணி அடுக்கு இருக்கும் இடத்திற்கு கீழ் சுமார் 20 கிலோமீற்றர் பரப்பளவு கெண்ட ஏரி இருப்பதாக இத்தாலி ஆய்வாளர்கள் மேற்கொண்ட ஆய்வு ஒன்றின் விபரம் அமெரிக்காவின் ‘சையன்ஸ்’ சஞ்சிகையில் வெளியாகியுள்ளது.
ஏரிப் படுகை போன்ற நீர் ஆதாரங்கள் செவ்வாய் கிரகத்தின் மேற்பரப்பில் முன்னொரு காலத்தில் இருந்தது என்று நாசாவின் கியூரியோசிட்டி விண்கலம் கண்டறிந்திருந்தது.
இருப்பினும், கிரகத்தின் காலநிலை அதன் மெல்லிய வளிமண்டலத்தின் காரணமாக குளிர்ந்து விட்டதால், நீரின் பெரும்பகுதி பனிக்கட்டியாக மாறிவிட்டது.
ஐரோப்பிய ஒன்றியத்தின் மார்ஸ் எக்ஸ்பிரஸ் திட்டத்தின் கீழ் செவ்வாய் கிரகத்துக்கு அனுப்பப்பட்ட மார்சிஸ் என்ற ராடார் கருவியின் மூலம் இது கண்டறியப்பட்டுள்ளது.
ஆனால், ஆராய்ச்சிக் குழுவினர் அது ஒரு மீற்றர் ஆழம் இருக்கும் என்று மதிப்பிட்டுள்ளனர்.
இவ்வாறு கொல்லப்பட்டவர்களில் கர்ப்பமுற்றிருந்த ஹொலிவுட் நடிகை ஷரோன் டேட்டும் ஒருவராவார்.
இதன்மூலம் குறைந்த இன்னிங்சில் 60 சதத்தை பூர்த்தி செய்தோர் பட்டியலில் சச்சின் டெண்டுல்கரை பின்னுக்கு தள்ளி விராட் கோஹ்லி முதல் இடத்தை பிடித்தார்.
தமிழகத்தில் திமுக கூட்டணி அமோக வெற்றி பெற்றிருக்கிறது.
அதாவது எடப்பாடி தலைமையிலான ஆளும் அதிமுக அரசு நம்பிக்கை வாக்கெடுப்பில் கலைக்கப்படும்.
அதன் பின்னர் சட்டசபை தேர்தல் வரும் என்று எதிர்பார்க்கப்பட்டது.
தற்போதைய தமிழக நிலவரப்படி தமிழகத்தில் அதிமுகவின் பலம் 113 ஆகும்.
அதன் பின் சட்டசபையின் இடங்கள் 233 ஆக மாறும்.
அதிமுக வசம் 109 இடங்கள் இருக்கின்றன.
மொத்தத்தில் ஸ்டாலின் ஆட்சி கலைப்பு, முதல்வர் கனவு என்பது 2021 வரை நிறைவேறாது என்பதே தற்போதைய அரசியல் நிலைமை புலப்படுத்தியுள்ளது.
விவேக் தன் 56-வது பிறந்த நாளையொட்டி தி.நகர் இராமகிருஷ்ணா பள்ளியில் மரக்கன்றுகளை நடும் நிகழ்ச்சியை நடத்தினார்.
அதில் மரக்கன்றுகளை நட்டதோடு பள்ளி, கல்லூரி மாணவர்களுக்கு மரக்கன்றுகளை வழங்கினார்.
அப்படி இல்லாவிட்டால் மக்கள் அரசியலில் வெற்றிபெற வைக்க யோசிப்பார்கள்.
ஆனாலும் தொழில்வாய்ப்புக் கோரி தொடர் போராட்டங்களில் ஈடுபட்டவர்களில் நூற்றுக்கும் மேற்பட்டவர்கள் தற்போது 45 வயதைக் கடந்த நிலையில் இருக்கின்றார்கள்.
தொடர் போராட்டங்களில் ஈடுபட்டவர்களில் நூற்றுக்கும் மேற்பட்டவர்கள் தற்போது 45 வயதைக் கடந்திருக்கின்றார்கள்.
அவர்களுக்கு தொழில் வாய்ப்புக் கொடுக்கப்படாமல் இருப்பதென்பது அவர்கள் மத்தியில் ஒரு வெறுப்புணர்வை ஏற்படுத்துவதாக இருக்கும்.
எனவே பட்டதாரிகளுக்கான வயதுகளை எல்லைப்படுத்தாமல் 45 வயது என்பதையும் சற்றுக் கடந்து கொடுத்தால் அவர்களது துயரங்களைக் குறைத்துக் கொள்ள முடியும்.
இமாச்சல பிரதேசத்தில் காங்கிரஸிடம் இருந்து ஆட்சியை பா.ஜனதா பறிக்கிறது.
சரணடைந்த இவரை எதிர்வரும் 18 ஆம் திகதி வரை விளக்கமறியலில் வைக்க நீதிமன்றம் உத்தரவிட்டது.
சிங்கள, தமிழ் மற்றும் முஸ்லிம் கலாசாரங்களைப் பிரதிநிதித்துவப்படுத்தி அவர்கள் தமது கலாசாரத்தை தனித்துவப்படுத்தும் வகையில் தின்பண்டங்களை எடுத்துவரவுள்ளனர்.
தெசிய இளைஞர் சேவை மன்றத் தலைவர் என்ற வகையில் இந்த அனைவரையும் இலங்கையின் இளைஞர்களாகவே நான் அறிமுகப்படுத்த விரும்புகின்றேன்.
மேற்படி பொங்கல் நிகழ்வின் ஆரம்ப நிகழ்வுகளின் மாவட்டத்தைப் பிரதிநிதித்துவப்படுத்தும் அமைச்சர்கள் மற்றும் தேசிய இளைஞர் சேவைகள் மன்ற இளைஞர்கள் பங்குபற்றவுள்ளதுடன் விழா ஆரம்பமாகும்.
விளையாட்டுகள், மற்றும் போட்டிகள் நடத்தப்பட்டு அனைவரும் மகிழ்ச்சியுறும் வகையில் நல்லிணக்க செயற்பாடுகள் முன்னெடுக்கப்படவுள்ளன.
சில வேளை கலப்புத் திருமண நடவடிக்கைகள் வரை இன, மத, பேதமின்றி இந்த நெருக்கமும் நல்லிணக்கமும் அமைய இடமுண்டு.
நான் மேற்படி பதவியைப்பாரமெடுக்கும் போது தொழிற்பயிற்சி நிலையங்களில் NVQ சான்றிதழ் பெறுவோர் முப்பதாக மட்டுப்படுத்தப்பட்டிருந்தது.
அது தற்போது 170 ஆக அதிகரித்துள்ளது.
* 80களில் தமிழருக்கு இழைத்ததைப்போல் முஸ்லிம்களுக்கு ஏற்பட இடமளியேன் .
குண்டுத் தாக்குதலுடன் தொடர்புபட்ட 100 வீதமானவர்கள் எதிர்வரும் மூன்று நாட்களில் கைதுசெய்யப்பட்டுவிடுவார்கள் என ஜனாதிபதி மைத்திரிபால சிறிசேன பாராளுமன்றத்தில் தெரிவித்தார்.
பிரதான சந்தேகநபர்கள் பலர் கைதுசெய்யப்பட்டுள்ளனர்.
99 வீதமானவர்கள் கைதுசெய்யப்பட்டுள்ளனர்.
ஈஸ்டர் ஞாயிறு குண்டுத் தாக்குதல்கள் தொடர்பில் எதிர்க்கட்சியினர் கொண்டுவந்த சபை ஒத்திவைப்பு விவாதத்தில் கலந்துகொண்டு உரையாற்றும்போதே ஜனாதிபதி மைத்திரிபால சிறிசேன இந்தத் தகவல்களை முன்வைத்தார்.
நாடு முழுவதும் மேற்கொள்ளப்பட்ட தேடுதல்களில் 103 டெட்டனேட்டர்களும், 236 ஜெலிக்னைட் குச்சிகளும், குண்டுகளைத் தயாரிப்பதற்கு பயன்படுத்தப்படும் 250 கிலோ கிறிஸ்டல் பவுடர்களும் மீட்கப்பட்டுள்ளன.
பயங்கரவாதிகள் பயன்படுத்திய 15 வாகனங்களும், 4 மோட்டார் சைக்கிள்களும் கைப்பற்றப்பட்டுள்ளன.
குண்டுத் தாக்குதல்களுக்கு சிறிய வகையில் உதவிசெய்தவர்களுக்கு தலா 20 இலட்சம் ரூபா வரையில் பணம் வழங்கியுள்ளனர்.
80களின் ஆரம்பத்தில் தமிழர்கள் மீது அவநம்பிக்கை கொண்டு ஒட்டுமொத்த தமிழர்களையும் எல்.ரி.ரி.ஈ யினராகப் பார்த்ததாலேயே நாடு 30 வருட யுத்தத்துக்கு முகங்கொடுக்கவேண்டி ஏற்பட்டது.
பிரதமர், அமைச்சர்கள், எதிர்க்கட்சி உறுப்பினர்கள் எனப் பலரையும் இணைத்துக்கொண்டேன்.
இராணுவத்தின் பிரிவுகளின் தலைவர்கள் மாற்றப்பட்டுள்ளனர், மக்களின் பயம், அவநம்பிக்கை மற்றும் சந்தேகத்தை இல்லாம் செய்யும் வகையில் பாதுகாப்புத் தரப்பினர் கைதுகளை மேற்கொள்வதுடன், ஆயுதங்கள் என்பனவும் மீட்கப்பட்டுள்ளன.
இதுவரை பாதுகாப்புத் தரப்பினர் மக்கள் திருப்தியடையும் வகையில் பாதுகாப்பை பலப்படுத்த நடவடிக்கை எடுத்துள்ளனர்.
அமெரிக்காவின் பாதுகாப்புத் தலைமையகம் மீதும் தாக்குதல் நடத்தப்பட்டது.
ஏப்ரல் 21 தாக்குதல் நடத்திய பயங்கரவாதிகள் அமெரிக்கா, ரஷ்யா,இங்கிலாந்து, ஐரோப்பிய நாடுகள், அவுஸ்திரேலியா, பங்களாதேஷ், கனடா, மலேசியா, இந்தியா எனப் பலநாடுகளில் தாக்குதல் நடத்தியுள்ளனர்.
21ஆம் திகதி தாக்குதல் நடந்து இரண்டு நாட்களிலேயே பயங்கரவாத அமைப்பின் உலகத் தலைவர்கள் உரிமைகோரினர்.
சிங்கள மக்கள் பயத்தில் இருக்கின்றனர்.
முஸ்லிம் சமூகத்தினர் வரும்போது குண்டுவெடிக்கும் என்ற பயதில் இருக்கின்றனர்.
இவ்வாறான காலகட்டத்தில் ஊடகங்களும் பொறுப்பாக நடந்துகொள்ள வேண்டும 20 லொறிகளில் வெடிபொருட்கள் வடக்கிற்குச் சென்றிருப்பதாக ஊடகமொன்று செய்தி வெளியிட்டிருந்தது.
புலனாய்வுத் தகவல்களுக்கு அமைய 150 குறைவான பயங்கரவாதிகளே உள்ளனர்.
83 கறுப்பு ஜுலையுடன் தமிழர்களின் சொத்துக்கள் அழிக்கப்பட தமிழ் இளைஞர்கள் எல்.ரி.ரி.ஈயினரின் பக்கத்துக்குச் சென்றனர்.
இவ்வாறான நிலையில் சமூகங்களுக்கிடையில் நல்லிணக்கத்தையும், ஒற்றுமையை ஏற்படுத்த பாராளுமன்றத்தில் உள்ள சகலரும் ஒத்துழைப்பு வழங்குவதுடன், சர்வமதத் தலைவர்களும் ஒன்றிணைய வேண்டும் என்றும் கோரிக்கைவிடுப்பதாகக் கூறினார்.
48 பக்கங்கள் கொண்டதாக மேற்படி தேர்தல் அறிக்கை அமைந்துள்ளது.
‘ஒரே பாரதம், சிறந்த பாரதம்’ என்பது இதன் பொருள் ஆகும்.
இந்த முன்பிணை மனுவை நேற்று உச்சநீதிமன்றம் தள்ளுபடி செய்துள்ளது.
முன்பிணை என்பது அடிப்படை உரிமை கிடையாது என்றும், ஐ.என்.எக்ஸ் மீடியா வழக்கு சரியான பாதையில்தான் சென்று கொண்டு இருக்கிறது என்றும் உச்சநீதிமன்றம் நேற்று கருத்துத் தெரிவித்துள்ளது.
அனைத்து வாசல்களும் அவருக்கு அடைக்கப்பட்டுள்ளன.
பா.ஜ.க மூத்த தலைவர் சுப்பிரமணியன் சாமிதான் இந்த வழக்கை தொடர்ந்திருந்தார்.
இதையடுத்து அதிர்ச்சியடைந்த காங்கிரஸ் கட்சி நேற்றுமுன்தினம் கர்நாடகத்தில் பந்த் போராட்டத்துக்கு அழைப்புவிடுத்திருந்தது.
சிவகுமாருக்கு 10 நாட்கள் தடுப்புக்காவல் விதித்து நீதிமன்றம் உத்தரவு பிறப்பித்தது.
பலியானோர் எண்ணிக்ைக நேற்றுமுன்தினம் 80 ஆக இருந்தது.
இதேவேளை நேற்றுமுன்தினம் மாலை நிலைவரப்படி 4,515 பேர் இந்நோயால் பாதிக்கப்பட்டிருந்தனர்.
