செல்வத்தட்டினர் மற்றும் படைத்தளபதிகள் கொண்ட அவரது நிர்வாகம், வரையற்ற அதிகாரங்களுடனான ஒரு ஜனாதிபதி அடிப்படையிலான அரசியல் சர்வாதிகாரத்தின் ஒரு வடிவத்தை நிறுவ எத்தனிக்கின்றது.
ட்ரம்ப்பை ஒரு வழிக்குக் கொண்டு வருவதில் அல்லது பதவியில் இருந்து, அகற்றுவதில் அவர்களது முயற்சிகள் வெற்றிபெற்றால், அது  பெருநிறுவன – நிதியத் தட்டு மற்றும் உளவுத்துறை அதிகாரிகள் மற்றும் படைத் தளபதிகளின் “உள்-அரசு” ஐ பலப்படுத்துவதாக மட்டுமே இருக்கும்.
இதன் பிரதான விளைவு ரஷ்யாவிற்கு எதிரான ஆக்கிரரோஷ வெளியுறவுக் கொள்கையில் உடனடி மாற்றமாக, உலகப் போருக்கு உந்தும் வெடிப்பாக மற்றும் சமூக எதிர்ப்புரட்சியும் அத்துடன் பிணைந்ததாக இருக்கும்.
இந்த மோதல் வாஷிங்டனில் விரிந்து வரும் அதேவேளை, வாஷிங்டனில் கசப்பான போராட்டத்திற்கு எதிர்ப்பாக, அதிலிருந்து தனியாக நாடுமுழுதும் வேறொன்றும் இடம்பெற்றுக்கொண்டிருந்தது.
ரஷ்யாவுடனான ஒரு மோதலுக்கான விருப்பத்தை பகிர்ந்துகொள்வதிலிருந்து விலகி மக்கட்திரளினர் போருக்கு எதிராக இருந்தனர்.
GM இல் ஆயிரக் கணக்கானோரை வேலைநீக்கியதை அடுத்து, செவ்வாய்க் கிழமை அன்று ஃபோர்ட் தனது உலக பணியாட்களில் பத்து சதவீதத்தை வெட்டியதாக அறிவித்தது.
உறுதியான வேலைவாய்ப்புடன் உள்ளவர்கள் உட்பட, மில்லியன் கணக்கான மக்கள், அடிப்படைப் பராமரிப்பிற்காக தொண்டுநிறுவனங்களை அல்லது அவசர வழிகளை நம்பியிருக்கின்றனர்.
அமெரிக்க எல்லைப்புற போர்ட்டோரிகோ திவாலானது, ஆயிரக்கணக்கான ஆசிரியர்கள் மற்றும் பொதுத்துறை பணியாளர்கள் வேலைக் குறைப்புடன் ஓய்வூதியத்தில் 10 சதவீதம் வெட்டு செய்வதற்கான சாக்குப்போக்காக பயன்படுத்தப்படுகிறது.
ஃபிளிண்ட்டில், 8000 குடியிருப்போர், இரு கட்சிகளின் உள்ளூர் மற்றும் தேசிய அலுவலர்களின் குற்றகரமான நடவடிக்கைகளின் மூலம் நகரம் நச்சுத்தன்மையானது அம்பலமான மூன்றாண்டுகளுக்கும் பின்னர் ஈயம் சேர்ந்த நீருக்கு பணம் செலுத்தத் தவறியதற்காக முன்கூட்டிய மூடலை எதிர்கொண்டுள்ளனர்.
இளைஞர்கள் குறைந்த சம்பள வேலை மற்றும் நிலையான கடன்படலை எதிர்கொள்கின்றனர்.
வாஷிங்டனில் உள்ள அரசியல் நெருக்கடியானது, முழு உலகிற்கும் வெடிப்புமிக்க விளைவுகளை ஏற்படுத்தும் ஒரு வரலாற்றுத் தன்மை கொண்டது.
சோசலிச சமத்துவக் கட்சி தொழிலாளர்களுக்கு அடிப்படை உரிமைகள் — நல்ல சம்பளத்துடனான ஒரு பாதுகாப்பான வேலைக்குரிய உரிமை, சுகாதார பராமரிப்பு மற்றும் வசதியாக ஓய்வு பெறுவதற்குமான உரிமை, இலவச பொதுக் கல்வி பெறுவதற்கான உரிமை, செலவுகளைத் தாங்கக்கூடிய வீடமைப்பு வசதி மற்றும் பொழுதுபோக்கும் உரிமை, பயன்பாடுகளைப் பெறுவதற்கும் ஒரு ஆரோக்கிய சூழலுக்குமான உரிமை, கலையையும் பண்பாட்டையும் துய்க்கும் உரிமைகள் உள்ளதை வலியுறுத்துகிறது.
முதலாளித்துவத்தின் இறுதி நெருக்கடிக்கான தீர்வானது, பெருநிறுவன கட்டுப்பாட்டிலுள்ள அரசியல் கட்சிகளுக்கும் முழு முதலாளித்துவ அரசுக்கும் எதிரான எதிர்ப்பில் தொழிலாளர்களை சுயாதீனமாக அணிதிரட்டுவதன் மூலமே காணப்பட முடியும்.
ரஷ்யப் புரட்சியின் நூறு ஆண்டுகளுக்குப் பின்னர், மனித குலத்தை முன்னேற்றுவதற்கான ஒரே வழி உலக சோசலிசப் புரட்சி முன்னோக்கு ஆகும்.
ஜெனரல் மோடர்ஸின் சாமினிய உறுப்பினர்கள் குழுக்களின் கூட்டமைப்பின் செயற் குழுவும், பெப்பிரவரி 9 அன்று, டெட்ரொயிட்டில் ஜெனரல் மோட்டார்ஸின் தலைமையகத்துக்கு முன்னால் நடத்தவுள்ள ஆர்ப்பாட்டத்துக்கு, இலங்கையில் எபோட்சிலி தோட்ட நடவடிக்கை குழுவினராகிய நாம், எங்கள் இதயபூர்வமான வாழ்த்துக்களை தெரிவித்துக்கொள்கிறோம்.
பெருந்தோட்டத் தொழிலாளர்களும், அதேபோல் இங்குள்ள ஏனைய தொழிலாள வர்க்கத் தட்டினரும் எதிர்கொள்ளும் நிலைமையும் கூட, இலாப வெறிகொண்ட பெரும் வர்த்தக பன்னாட்டுக் கூட்டுத்தாபனங்கள் மற்றும் வங்கிகளின் இதே போன்ற கொள்கையின் விளைவே ஆகும்.
பெப்ரவரி 9 பிற்பகல் 2 மணிக்கு, ஆலை மூடல்கள், வெகுஜன வேலை அழிப்புகள் மற்றும் சலுகை வெட்டுக்களுக்கும் எதிராகப் போராடுவதற்கு, உலக சோலிச வலைத் தள வாகன தொழிலாளர் செய்தி இதழ் ஆர்ப்பாட்டமொன்றை கூட்டாக ஏற்பாடு செய்துள்ளது.
அவர், நாடாளுமன்ற உறுப்பினர் பில் காஷ், நாடாளுமன்ற உறுப்பினர் பீட்டர் போன் மற்றும் நிழல் அமைச்சரவையின் முன்னாள் உள்துறை செயலர் டேவிட் டேவிஸ் போன்ற டோரி கட்சியின் பரம-தாட்சரிச அணியின் பிரதிநிதிகளுடன் சேர்ந்து அரங்கைப் பகிர்ந்து கொண்டார்.
ஃபாராஜ் இன் பிரிட்டனுக்கான வேலைத்திட்டத்துடன் தனக்கு பொதுவான கருத்துக்கள் மிகக் குறைவாகவே இருப்பதாக அவர் குறிப்பிட்ட போதினும், உண்மையில், “வெளியேற விரும்பும்" முகாம், தேர்ந்தெடுக்கப்படாத ஐரோப்பிய ஒன்றிய அதிகாரத்துவவாதிகள் பிரிட்டிஷ் நாடாளுமன்றத்தின் மீது அதிகாரம் செலுத்துவதை தடுக்க முனைகிறது என்ற வலதின் மைய வாதத்தை ஹலோவே முழுமையாக தழுவியிருந்தார்.
பல இடங்களில், ஹலோவே இன் மிகவும் பட்டவர்த்தனமான தேசியவாத கருத்துக்கள் —அதாவது, "பிரிட்டனுக்கு யார் வர வேண்டும், வாழ வேண்டும், வேலை செய்ய வேண்டும், பிரிட்டனிலிருந்து யார் வெளியேற வேண்டும், பிரிட்டனில் பற்றாக்குறை எந்த மட்டத்தில் இருக்கலாம், அல்லது பிரிட்டனில் நமது வெளியுறவு கொள்கை என்னவாக இருக்க வேண்டும் என்பதை முடிவு செய்வதற்கான உரிமை" “ரூமேனிய அரசாங்கத்திற்கு உள்ஒப்பந்தத்தில்" கொடுக்கப்பட்டிருக்கிறது என்று அவர் வலியுறுத்தியதைப் போன்ற கருத்துக்கள்— அங்கே அதிகளவிலிருந்த டோரி மற்றும் UKIP பார்வையாளர்களிடமிருந்து அவருக்குக் கரகோசத்தைப் பெற்றுத் தந்தது.
ஐரோப்பிய ஒன்றியத்திற்கான எதிர்ப்பை அவர் "சர்வதேசவாதம்" என்று வர்ணித்தார்.
சிரியாவில் இப்போது பிரிட்டன் இராணுவரீதியில் செயலூக்கத்துடன் இருக்கிறது என்ற உண்மைக்கு (இதற்காக இதே நாடாளுமன்றத்திற்கும் மற்றும் Cash, Bone மற்றும் ஏனையவர்களுக்கும்தான் நன்றி கூற வேண்டியிருக்கும்) இயல்பாக அவர் கண்களை மூடிக் கொள்கிறார்.
ஃபாராஜ் உம் டோரியின் வலதும் ஜனநாயகத்தைப் பாதுகாக்கிறது என்ற வாதம் அடிப்படையிலேயே பொய்யாகும்.
அவரைப் பாதுகாத்த தருணங்களும் இருந்தன.
இது, ஐரோப்பிய ஒன்றிய வெகுஜன வாக்கெடுப்பை, இரண்டாம் உலக போருடன் அவர் ஒப்பிட்டுக்காட்டுவதிலேயே எடுத்துக்காட்டப்படுகிறது.
ஸ்ராலினை முன்மாதிரியாக முன்வைப்பதே ஹலோவே இன் அரசியலைப் எடுத்துக்காட்டுகின்றது.
இதில், முன்னாள் UKIP தேர்தல் வேட்பாளர் போல் வெஸ்டன் தலைமையில் நடந்த சமீபத்திய இங்கிலாந்து பெகிடா (Pegida) புலம்பெயர்வோர்-எதிர்ப்பு ஆர்ப்பாட்டங்களும் உள்ளடங்கும்.
உண்மையில் அவை அனைத்தும், தேசிய இறையாண்மையை மீளப்பெறுதல் என்ற அடித்தளத்தில் ஐரோப்பிய ஒன்றியத்தை எதிர்ப்பது என்ற நிலைப்பாட்டை ஏற்றுள்ளன.
சிக்கனத் திட்டம் மற்றும் போரால் முன்னிறுத்தப்பட்டிருக்கும் அச்சுறுத்தலை மற்றும் நடந்து வரும் ஜனநாயக உரிமைகளின் சீரழிவைக் கடந்து வருவதற்கு, பிரிட்டனின் தொழிலாளர்கள், முதலாளித்துவ உயரடுக்குகளுக்கு எதிராகவும் மற்றும் ஐக்கிய ஐரோப்பிய சோசலிச அரசுகளைக் கட்டமைக்கவும், ஐரோப்பிய தொழிலாளர்களுடன் ஓர் ஐக்கியப்பட்ட போராட்டத்தை முன்னெடுப்பது அவசியமாகும்.
2015 ஜனாதிபதித் தேர்தலில் அமெரிக்க ஆதரவிலான ஆட்சி மாற்ற நடவடிக்கையின் மூலம் இராஜபக்ஷவை சிறிசேன அகற்றினார்.
அதன் பின்னர் ஸ்ரீலங்கா சுதந்திரக் கட்சியில் (ஸ்ரீ.ல.சு.க.) தனது கன்னையையும் எதிர்க கட்சியான ஐக்கிய தேசியக் கட்சியின் (ஐ.தே.க.) தலைவரான ரணில் விக்கிரமசிங்கவை பிரதமராக நியமித்து ஒரு தேசிய ஐக்கிய அரசாங்கத்தை நிறுவினார்.
நம்பிக்கையில்லாப் பிரேரணை மீதான வாக்கெடுப்புக்கு மறுநாள், இராஜபக்ஷவின் அறிக்கை ஒன்றை கேட்பதற்காக வியாழக்கிழமை பாராளுமன்றம் மீண்டும் கூட்டப்பட்டது.
முந்தைய சிறிசேன-விக்கிரமசிங்க அரசாங்கம் பொருளாதார "சுமைகளை" மக்கள் மீது சுமத்தி நாட்டைப் பேரழிவுக்குள் தள்ளியுள்ளதாக அவர் குற்றம் சாட்டினார்.
போட்டிக் கன்னைகள் கோஷம் எழுப்பி, கலவரம் செய்து உரத்த குரலில் கத்திய நிலைமையில், வாக்கெடுப்பு நடத்தப்பட்டு, பாராளுமன்றம் வெள்ளிக்கிழமை வரை ஒத்திவைக்கப்பட்டது.
இலங்கையிலுள்ள முதற்தர ஒரு பிரதான வீதி ஆகும்.
ஏ-22 நெடுஞ்சாலை படல்கும்புறை ஊடாக மொனராகலையை அடைகிறது.
ஏ-22 நெடுஞ்சாலையின் மொத்த தூரம் 34.11 கிலோ மீட்டர்கள் ஆகும்.
நடுநிலையான மேற்கோள்கள் அல்லது உசாத்துணைகளைக் கொடுத்து .
உசாத்துணைகள் இல்லாத கட்டுரைகள் விக்கிப்பீடியாவிலிருந்து நீக்கப்படலாம்.
ஆகிய மாவட்டங்களை உள்ளடக்கியுள்ளது.
ஓபிஎஸ் - ஈபிஎஸ் அணிக்கே இரட்டை இலை சின்னம் என தேர்தல் ஆணையம் அதிகாரபூர்வமாக அறிவித்துள்ளது.
இரட்டை இலை சின்னம் தொடர்பான வழக்கில் 83 பக்கங்கள் கொண்ட தீர்ப்பை தேர்தல் ஆணையம் வெளியிட்டது.
அதில், அஇஅதிமுக பெயரை இனி ஓபிஎஸ் - ஈபிஎஸ் அணி பயன்படுத்தலாம்.
அமைப்பு ரீதியாகவும், சட்டப்பேரவையிலும் முதல்வர் அணிக்கே அதிக ஆதரவு உள்ளது.
111 தமிழக எம்எல்ஏக்களின் ஆதரவு முதல்வர் அணிக்கு உள்ளது.
மக்களவையில் முதல்வர் அணிக்கு 34, தினகரன் அணிக்கு 3 உறுப்பினர்கள் ஆதரவு உள்ளது.
மாநிலங்களவையில் முதல்வர் அணிக்கு 8, தினகரன் அணிக்கு 3 உறுப்பினர்கள் ஆதரவு உள்ளது.
5.12.2016ம் திகதி அ.தி.மு.க பொதுக்குழு உறுப்பினர்களாக இருந்தவர்கள் மட்டுமே கணக்கில் எடுத்துக் கொள்ளப்பட்டனர்.
துவக்கத்தில் தினகரன் தரப்புக்கு ஆதரவாக இருந்து பின்னர் ஆதரவை திரும்ப பெற்ற ஈ.பி.எஸ் அணியினரின் முடிவு கவனத்தில் கொள்ளப்பட்டது.
இதன்படி சீனாவில் கொரோனா வைரஸ் தொற்றியவர்கள் எண்ணிக்கை 7,711 ஆக அதிகரித்துள்ளது.
இந்த நோய் சீனாவுக்கு வெளியில் குறைந்தது 20 நாடுகளுக்கு பரவியுள்ளது.
அவர்களில் 2 ஆயிரத்து 364 பேர் நோய் அறிகுறி இல்லை என்பதால் விடுவிக்கப்பட்டுள்ளனர்.
“கடந்த ஒரு சில தினங்களில் குறிப்பாக சில நாடுகள், குறிப்பாக ஒருவரிடம் இருந்து மற்றொருவருக்கு பரவுவது எமக்கு கவலையை அளிக்கிறது”
வியட்நாம், ஜெர்மனி மற்றும் ஜப்பானில் இந்த வைரஸ் சீனாவில் இருந்து வந்தவர்களிடம் இருந்து மற்றொருவருக்கு பரவி இருப்பதாக அவர் குறிப்பிட்டார்.
என்றும் அவர் கூறினார்.
2000களின் ஆரம்பத்தில் ஏற்பட்ட சார்ஸ் வைரஸ் தொற்றை விடவும் சீனாவில் தற்போது புதிய வைரஸ் தொற்றினால் அதிகம் பேர் பாதிக்கப்பட்டுள்ளனர்.
எனினும் உயிரிழப்பு எண்ணிக்கை தொடர்ந்து குறைவாகவே காணப்படுகிறது.
சார்ஸ் வைரஸும் கொரோனா வைரஸ் குடும்பத்தைச் சேர்ந்தது என்பதோடு கடுமையான சுவாச நோயை ஏற்படுத்துகிறது.
புதிய கொரோனா வைரஸ் மையம் கொண்டுள்ள வுஹான் நகரில் இருந்து வெளிநாட்டினர் தொடர்ந்து வெளியேற்றப்பட்டு வருகின்றனர்.
சிங்கப்பூர் தனது பிரதான நிலத்தில் இருந்து வட கிழக்கில் இருக்கும் புலோ உபின் தீவில் தனிமைப்படுத்தப்படும் வசதியை அமைத்துள்ளது.
சோலுக்குத் தெற்கே உள்ள அசான், ஜின்ச்சியோன் நகரங்களில் நோயாளிகளைத் தனிமைப்படுத்தத் திட்டமிடப்பட்டிருக்கும் நிலையங்களுக்குச் செல்லும் வழிகளைத் தடுக்க ஆர்ப்பாட்டக்காரர்கள் முற்பட்டுள்ளனர்.
ஹொங்கொங் – சீனா இடையிலான ரயில் போக்குவரத்து நிறுத்தப்பட்டுள்ளது.
சீனா எப்படிக் கையாள்கிறது .
கிட்டத்தட்ட அனைத்து உயிரிழப்புகளும் சீனாவின் மத்திய மாகாணமான ஹுபெய்யில் இடம்பெற்றுள்ளது.
வுஹானை தலைநகராகக் கொண்ட இந்த மாகாணத்தின் 60 மில்லியன் மக்கள் பெரிதும் பாதிக்கப்பட்டுள்ளனர்.
சீனாவுக்கான அத்தியாவசியமற்ற பயணங்களை தவிர்க்கும்படி உலகின் பல நாடுகளும் தமது பிரஜைகளை கேட்டுக்கொண்டுள்ளன.
புது வகை கொரோனா வைரஸால் நிமோனியா காய்ச்சல் உட்பட இதர சுவாசப் பிரச்சினைகள் ஏற்படும் என்றும் இருமல், தும்மல் ஆகியவற்றால் அந்த வைரஸ் பரவக்கூடும் என்றும் சீனா தெரிவித்தது.
புத்தாக்கமான கொங்கிறீற் மற்றும் சீமெந்து தயாரிப்புகளை வடிவமைப்பது, பகிர்வது, பயில்வது மற்றும் பரிசோதிப்பது போன்றவற்றுக்கு அவர்கள் இதனை பயன்படுத்தமுடியும் என்றார்.
இதில் கண்டுபிடிக்கப்பட்டிருக்கும் எலும்புக்கூட்டுக்கு சொந்தமான நபர் அழிவு தினத்தில் உயிர்தப்ப முயற்சித்தபோதே பரிதாபமாக கொல்லப்பட்டுள்ளார்.
பொம்பெய் நகரில் நவீன தொழில்நுட்பத்தைக் கொண்டு மேற்கொள்ளப்படும் புதிய அகழ்வாராய்ச்சியின் மூலமே இந்த எலும்புக்கூடு கண்டுபிடிக்கப்பட்டுள்ளது.
இதன் பின்னர் குறித்த திருட்டு தொடர்பாக பொலிஸ் அத்தியட்சகரின் கண்காணிப்பின் கீழ் இயங்கும் மாவட்ட  புலனாய்வு பிரிவு கல்முனை குற்றத் தடுப்பு பிரிவு இணைந்து குறித்த திருட்டில் ஈடுபட்டதாக கூறப்படும் சந்தேக நபரை கைது செய்து களவாடப்பட்ட நகைகளை மீட்டுள்ளது.
மேலும் இந்த நடவடிக்கையில் உதவி பொலிஸ் அத்தியட்சகர் ஜி.எல்.ஏ சூரிய பண்டார கல்முனை பொலிஸ் நிலைய பொறுப்பதிகாரி கே.எச் சுஜீத் பிரியந்த உப பொலிஸ் பரிசோதகர் வை.அருணன் மாவட்ட புலனாய்வு பிரிவின் சார்ஜன்ட் ரவூப் மற்றும் ஏ.எல்.எம் நவாஸ் பொலிஸ் கான்ஸ்டபிள் என்.கீர்த்தனன் உள்ளிட்டோர் இணைந்திருந்தனர்.
இவர்களில் 42 வெளிநாட்டுப் பிரஜைகள் அடங்குவதாகவும், இலங்கை வெளிவிவகார அமைச்சு தெரிவித்தது.
எனினும் இந்த தாக்குதலுக்கு பயன்படுத்தப்பட்ட ஆயுதம் பற்றி அவர் எந்த தகவலும் வெளியிடவில்லை.
ஆளில்லா விமானம் மூலம் போராளிகள் அபா விமானநிலையத்தை இலக்கு வைத்ததாக ஹூத்தி தெலைக்காட்சி ஒன்று செய்தி வெளியிட்டுள்ளது.
கடந்த ஜுன் 12 ஆம் திகதி இடம்பெற்ற ஏவுகணை தாக்குதலில் இரு சிறுவர்கள் உட்பட 26 பொதுமக்கள் காயமடைந்தனர்.
சவூதி அரேபியாவின் யெமன் எல்லையில் இருந்து 110 கிலோமீற்றர் தூரத்தில் இருக்கும் யெமன் விமானநிலையத்தின் மீது தீவிரவாத தாக்குதல் ஒன்று இடம்பெற்றதாக சவூதி கூட்டணி பேச்சாளர் துர்க்கி அல் மலிக்கி கூறினார்.
இவர்களில் இரு பெண்கள் மற்றும் இரு சிறுவர்கள் அடங்குவதாகவும் அவர் குறிப்பிட்டார்.
எனினும் அதன் பாகங்கள் விழுந்து குறைந்தது மூன்று பொதுமக்கள் கொல்லப்பட்டுள்ளனர்.
2019-ம் ஆண்டு பொருளாதாரத் துறைக்கான நோபல் பரிசு ஸ்வீடன் தலைநகர் ஸ்டோக்ஹோமில் கடந்த அக்டோபர் 11-ம் திகதி அறிவிக்கப்பட்டது.
வீணாக எவரும் அச்சம் கொள்ளத் தேவையில்லையென அவர்கள் கோரிக்கைவிடுத்தனர்.
கொழும்பில் நேற்று நடத்திய ஊடகவியலாளர் சந்திப்பில் கலந்துகொண்டு கருத்துத் தெரிவித்த முன்னாள் அமைச்சர்களான பந்துல குணவர்தன, அநுர பிரியதர்ஷன யாப்பா மற்றும் லக்ஷ்மன் யாப்பா அபேவர்தன ஆகியோர் இந்தக் கோரிக்கையை முன்வைத்தனர்.
தற்போது தோன்றியுள்ள அரசியல் சூழ்நிலையால் அரசாங்க ஊழியர்களுக்கு சம்பளம் வழங்குவதற்கோ, ஓய்வூதியக்காரர்களுக்கு ஓய்வூதியத்தை வழங்குவதற்கோ, சமுர்த்தி பயனாளிகளுக்கான கொடுப்பனவுகளை வழங்குவதற்கோ, கடன்களை மீளச் செலுத்துவதற்கோ பணம் எடுக்க முடியாத நிலையில் அரசாங்கம் இருப்பதாக பிரசாரங்கள் முன்னெடுக்கப்படுகின்றன.
அரசாங்க ஊழியர்கள் எந்த கட்சி பேதமும் இன்றி செயற்படுபவர்கள்.
நிலையான அரசாங்கமொன்று உருவாகியதும் அரசாங்க ஊழியர்களைப் பாதுகாப்பதற்கான சட்டத்தில் திருத்தங்களை கொண்டுவரவிருப்பதாகவும் அவர் மேலும் குறிப்பிட்டார்.
2008 ஆம் ஆண்டு ஜனவரி 3ஆம் திகதி காரைநகர் பாலாவோடையில் முருகேசு கணேசன் என்பவர் கூரிய ஆயுதங்களால் தாக்கிக் கொலை செய்யப்பட்டார்.
இந்த வழக்கின் விளக்கம் யாழ்ப்பாணம் மேல் நீதிமன்ற நீதிபதி அன்னலிங்கம் பிரேமசங்கர் முன்னிலையில் நடைபெற்றது.
மருத்துவ சேவைகள் விஸ்தரிக்கப்பட்டுள்ளன.
இதனால் இறப்பு தொகை குறைவடைந்துள்ளது.
2009ல் 349 பேர் டெங்கினால் உயிரிழந்தார்கள்.
அது 100 க்கு ஒரு வீதமாக இருந்தது.
பின்னர் அது 0.2 வீதமாக குறைக்கப்பட்டது.
முன்பு இரு வகை டெங்கு குடம்பிகளே அடையாளங் காணப்பட்டன.
டெங்கு குடம்பிகளை விழுங்கக்கூடிய நுளம்பு குடம்பி ஒன்று கண்டுபிடிக்கப்பட்டுள்ளது என்றார்.
விசேடமாக மலேரியா, யானைக்கால் நோய் என்பன அவற்றுக்குச் சான்றாகும்.
ஒக்டோபர் மாதம் டெங்கு நோயால் மரணமடைந்தவர்களின் எண்ணிக்கை 76 என ஊடகங்கள் தெரிவித்திருந்தன.
2017 ம் ஆண்டு டெங்கு நோயாளிகள் 186101 பேர் காணப்பட்டனர்.
டெங்குவை ஒழிக்க அரச அதிகாரிகள், டெங்கு பாதுகாப்பு இராணுவம், பொலிஸ் மற்றும் உள்ளூராட்சி மன்றங்கள் இணைந்து விசேட திட்டங்களை நடைமுறைப்படுத்தினாலும் டெங்கு பரவுவதை கட்டுப்படுத்த முடியாதுள்ளது.
நகரமயமாக்கல் காரணமாக நீர் வடிந்தோடும் கான்கள் தடைப்பட்டுள்ளன.
டெங்கை ஒழிக்க நாம் சிரட்டைகள், யோகட் கோப்பைகள், ரம்பை மரம், வாழைமரம் போன்ற தண்ணீர் தேங்கி நிற்கும் இடங்களை அழிக்கின்றோம்.
எமக்கு ஜே.வி.பியுடன் இணைந்து வாக்களிக்க முடியாது.இது தொடர்பில் ஒன்றிணைந்த எதிரணி கட்சி தலைவர்களுடன் பேசி இருக்கிறோம்.
இந்த தினத்திற்கான விடுமுறையை ரத்து செய்து அரசாங்கம் பெரிய தவறை இழைத்துள்ளது.
கரோலின் காமாட்சி தோற்றம் வித்தியாசமாக இருக்கிறதே? சினிமாவில்  பிசியாக இருக்கும்போது டிவி பக்கம் செல்லவேண்டாம் என்று சொன்னார்கள்.
இப்போது இணைய தொடர்கள் பிரபலமானதும்  அதற்குள்ளும் வந்து இருக்கிறேன்.
இந்த கதாபாத்திரம் புதுமையாகவும்  வித்தியாசமாகவும் இருந்தது.
பொதுவாக  ஹீரோக்கள் தான் என்னை படங்களில் காப்பாற்றுவார்கள்.
இதில் ஆபாசம் துளிகூட இருக்காது.
நடைபெற்ற சமய நிகழ்வுகளில் கலந்துக்கொண்டதன் பின்னர், ஊடகங்களுக்கு கருத்துதெரிவிக்கையிலேயே அவர் இதனைக் குறிப்பிட்டார்.
தனது கடைசி முதல்தரப் போட்டியில் இங்கிலாந்தின் சர்ரே அணிக்காக ஆடிய 39 வயதான சங்கக்கார லங்கர்ஷர் அணிக்கு எதிராக தான் விளையாடிய கடைசி இன்னிங்ஸில் ஆட்டமிழக்காது 35 ஓட்டங்களை பெற்றார்.
எல்லோருக்கும் இருப்பதுபோல் ஒருசில ஏமாற்றங்களுடனேயே நான் ஓய்வு பெறுகிறேன்.
ஆனால் எனது ஆட்ட முறை மற்றும் எட்டிய சாதனைகள் பற்றி நான் முழுமையாக மகிழ்ச்சி அடைகிறேன்.
இலங்கை அணிக்காக சர்வதேச கிரிக்கெட் போட்டிகளில் விளையாடுவதற்கு போதுமான திறமை இருப்பதாக, ஓர் இளைஞராக இருந்தபோது தான் நம்பவில்லை என்றே சங்கக்கார குறிப்பிட்டிருந்தார்.
தான் கொண்டிருந்த நிலைப்பாட்டுடனேயே அவர் இன்று சபாநாயகர் ஆசனத்தில் அமர்ந்தார்.
என்று கூட தெரியாமல் எம்.பிக்களின் பேச்சுக்கு செவிமடுக்காமல் வாக்கெடுப்பு நடத்தினார்.
அரசுக்கு அபகீர்த்தியை ஏற்படுத்தும் விதத்தில் சில சக்திகள் இல்லாதவொன்றை சிருஷ்டித்து நாட்டு மக்கள் மத்தியில் தவறான கற்பிதத்தை தோற்றுவித்தி ருக்கின்றன.
ஆட்சி மாற்றம் பொருளாதாரத்தை நிலைகுலையச் செய்திருப்பது போன்ற மாயத் தோற்றத்தை இச் சக்திகள் ஏற்படுத்தி இருப்பதையே காணக்கூயதாகவுள்ளது.
இலங்கையின் தற்போதைய வெளிநாட்டுக் கையிருப்பு 7.2 பில்லியன் அமெரிக்க டொலராக உள்ளது.
அதாவது அடுத்த இரண்டு மாதங்களில் ஒரு பில்லியன் டொலரை திருப்பிச் செலுத்த வேண்டிய கட்டாயம் உள்ளது.
இவ்விடயம் தொடர்பில் அதிகாரிகள் தமது பணிகளை முடுக்கி விட்டிருக்கின்றனர்.
எத்தகைய சவால்களை எதிர்கொள்ள நேரிட்ட போதிலும் தேசம் வீழ்ச்சியடைவதை எவரும் விரும்பமாட்டார்கள்.
ஆனால் அந்த உதவிகளை வைத்து எமது உள் விவகாரங்களில் ‘சட்டம்பி’ வேலை பார்க்க முற்படுவதை நாடு ஒருபோதும் அனுமதிக்காது.
அதேநேரத்தில் தமிழ் மக்களின் பிரதிநிதிகளாக முன்னைய அரசில் அமைச்சராக விஜயகலா மகேஸ்வரன் மற்றும் இந்த அரசில் டக்ளஸ் தேவானந்தா ஆகியோர் இருக்கின்றனர்.
ஆகையினால் இவர்களுடன் பேசுவதென்றால் அவர்கள் தங்கள் கட்சிக்குள்ளேயே பேசலாம்.
இலங்கையில் பௌத்த மதத்தை பின்பற்றுவோரைத் தவிர்ந்த ஏனையோர் ஜனாதிபதித் தேர்தலில் களமிறங்க முடியாது என மக்கள் மத்தியில் நிலவிய கருத்துக்கு பதிலளிக்கும் வகையில் இந்திய வம்சாவளித் தமிழரின் பிரவேசம் அமைந்துள்ளது.
1983ஆம் ஆண்டு இலங்கையில் ஏற்பட்ட வன்முறை சம்பவத்தை அடுத்து, குணரத்னம் மற்றும் அவரது குடும்பத்தினர் தமிழகம் நோக்கி இடம்பெயர்ந்துள்ளனர்.
கேள்வி: இலங்கைத் தமிழர்கள் தொடர்ச்சியாக தமது உரிமைக்கான போராட்டத்தை நடத்தி வருகின்ற நிலையில், அவர்களின் உரிமைகளை வென்று கொடுப்பதற்காக நீங்கள் எவ்வாறான நடவடிக்கைகளை மேற்கொள்வீர்கள்? .
இவ்வாறு பதிலளித்த அவர், தனது வாழ்க்கையின் கசப்பான தருணத்தையும் குறிப்பிட்டார்.
இவ்வாறு ஜனாதிபதி வேட்பாளர் சுப்ரமணியம் குணரத்னம் கூறுகின்றார்.
ஐக்கிய தேசிய கட்சியின் பிரதமராக இருந்த ரணில் விக்ரமசிங்கவின் சூழ்ச்சியினாலும், தந்திரங்களினாலுமே இன்று முஸ்லிம் சமுதாயம் பயங்கரவாத சமூதாயம் என்று அடையாளப் படுத்தி நாதியில்லாத சமூகமாக மாற்றப்பட்டிருக்கின்றது.
இவ்வாறு தேசிய காங்கிரஸின் தலைவரும் முன்னாள் அமைச்சருமான ஏ.எல்.எம்.அதாஉல்லா தெரிவித்தார்.
புதிய ஜனாதிபதியாக தெரிவு செய்யப்பட்டுள்ள கோட்டாபய ராஜபக்ஷ இந்த நாட்டுக்கு சிறந்த தலைவராகக் காணப்படுகின்றார்.
இதுபோன்ற பல சதிகள், மோசடியான விடயங்களின் உண்மைகள் மிகவிரைவில் வெளியில் கொண்டுவரப்படவுள்ளன.
தனி முஸ்லிம் இனவாதத்தை விதைத்து மக்களை ஏமாற்றி வாக்குகளை அள்ளிச் சென்று மொத்த வியாபாரம் செய்யும் அரசியல் தலைவர்களுக்கு கடந்த ஜனாதிபதித் தேர்தல் நல்லதொரு செய்தியை சொல்லியிருக்கின்றது.
நம்மை ஒற்மையுடன் வழிநடத்திய பல தலைவர்கள் மறைந்து விட்டார்கள்.
அன்றிருந்த ஒற்றுமையில் தமிழ் பேசுகின்ற மக்கள் என்கின்ற ஒரு உணர்வு மாத்திரமே இருந்தது.
யாழ், போதனா வைத்தியசாலை பணிப்பாளர் விடுத்துள்ள அறிக்கையிலேயே அவர் இவ்வாறு தெரிவித்துள்ளார்.
2010 டிசம்பரில் ஆரம்பிக்கப்பட்ட கட்டுமானம் 2012 யூனில் நிறைவு பெற்றது.
இக்கட்டடத் தொகுதியானது நவீன ஆய்வுகூட உபகரணங்கள், சத்திரசிகிச்சைக் கூட உபகரணங்கள் , அதிதீவிர சிகிச்சைக் கூட உபகரணங்களுடன் யாழ். போதனா வைத்தியசாலையிடம் கையளிக்கப்பட்டது.
தற்போது இலங்கையில் வேறு எந்த வைத்தியசாலையிலும் காணப்படாத வசதிகள் – முதுமை , மற்றும் விபத்துக்களால் உடல் அவயவங்கள் பாதிக்கப்பட்டவர்களுக்கான சிகிச்சைக்குரிய வசதிகள், உபகரணங்கள் மற்றும் செயற்கை அவயவங்கள் உருவாக்கும் தொழிற் கூடம், உடற்பயிற்சிக் கூடம் முதலானவை  இக்கட்டடத் தொகுதியில் உள்ளன.
இன்னும் சில வாரங்களில் இது இயங்கத் தொடங்கும்.
அத்துடன் அடிக்கடி பழுதடைந்து அதன் செயற்பாடு தடைப்படுகின்றமையால் நோயாளிகள் பல அசௌகரியங்களை எதிர்கொள்ள வேண்டி ஏற்படுகின்றது.
ஆகவே நன்கொடையாளர்களின் உதவியில் சி.ரி. ஸ்கேனர் ஒன்றை விரைவாகப் பொருத்தும் முயற்சியில் வைத்தியசாலை நிருவாகம் ஈடுபட்டு வருகின்றது.
வரும் செப்ரெம்பர் மாதமளவில் நவீன சி.ரி. ஸ்கேனர் இயந்திரம் எமது வைத்தியசாலையை வந்தடையும்.
புதிய சி.ரி. ஸ்கேனர் கிடைத்ததும் அதன் சேவைகள் வைபவ ரீதியாக ஆரம்பித்து வைக்கப்படும்.
தற்போதுவரை சுமார் 110 மில்லியன் ரூபாய்கள் சேகரிக்கப்பட்டுள்ளது.
சமூக வலைத்தளங்களில்,  அச்சு ஊடகங்களில் எம்மைத் தொடர்பு கொள்ளாது வெளிவரும் செய்திகள் குறித்து பொதுமக்களை விழிப்பாக இருக்குமாறு கேட்டுக் கொள்கின்றேன்.
பழைய மகப்பேற்று விடுதி அபாயநிலையில் காணப்பட்டதால் அது அகற்றப்பட்டு மகப்பேற்று விடுதிக்குரிய நிலம் பல வருடங்களாக வெறுமையாக உள்ளது.
அத்துடன், செயலாளராக மத்திய உள்துறை அமைச்சர் அமித் ஷாவின் மகன் ஜெய் ஷா பதவி ஏற்றுக்கொண்டனர்.
அது மிக தீவிரத்துடன் கடினமாக உழைக்க எனக்கு உதவுகிறது.
5-1 என முன்னிலை வகித்த போது வெற்றி பெற்றதாக உணர்ந்தேன்.
இருவர் காணாமல்போயுள்ளனர்.
பல்லாயிரக் கணக்கானோர் வீடுகளில் சிக்கியுள்ளனர்.
இடுக்கமான வாயில் வழியாக நுழைய வருந்தி முயலுங்கள்.
கிறிஸ்தவன் என்ற காரணத்தினால், திருமுழுக்குப் பெற்றுவிட்டோம் என்ற காரணத்தினால் மோட்சம் எனக்கு நிச்சயம் என்று கூறமுடியாது.
நேரில் ஒன்றும் பின்புறமாக ஒன்றும் பேசும் பழக்கம் நம்மிடம் ஒரு பிணியாகவே உள்ளது .
தினம் குறித்த உத்தரவை மேன்முறையீட்டு நீதிமன்றம் அறிவித்துள்ளது.
குறித்த வழக்கு விசாரணை இன்றைய தினம் (06) பிரதம நீதியரசர் நலின் பெரேரா உள்ளிட்ட ஏழு பேர் கொண்ட நீதவான் முன்னிலையில் இடம்பெற்றது.
ஒன்றை விடுத்திருந்தார்.
விதிப்பதாக நவம்பர் 13 ஆம் திகதி இடம்பெற்ற விசாரணைகளை அடுத்து, மேன்முறையீட்டு நீதிமன்றம் அறிவித்திருந்தது.
அமெரிக்காவுடன் செய்துகொள்ளவுள்ள ஒப்பந்தங்கள் தொடர்பான சபை ஒத்திவைப்புப் பிரேரணை மீதான விவாதத்தில் கலந்துகொண்டு உரையாற்றும்போதே டக்ளஸ் தேவானந்தா எம்.பி  இவ்வாறு தெரிவித்தார்.
இராணுவம் நிலைகொள்ளச் செய்யும் ஒப்பந்தம்’ (Status Of Forces Agreement–SOFA) என்று இனங்காணப்படுகின்ற இந்த ஒப்பந்தத்தின் மூலமாக இலங்கையில் வெளிநாட்டுப் படைத்தளமொன்றுக்கு வழிவகுக்கும் சாத்தியம் காணப்படுவதாக இலங்கையர்கள் மத்தியில் அச்சம் காணப்படுகின்றது.
இலங்கையில் அதிகளவில் காணப்படுகின்ற பிறநாடுகளின் பிரசன்னங்கள் காரணமாகவும், அமெரிக்காவுக்கான ஏனைய நாடுகளுடனான இராணுவமயத் தேவைகள் காரணமாகவும் இலங்கையில் படைத்தளமொன்றை அமைப்பதில் அதிக பயன்கள் அமெரிக்கா அடைவதற்கான சாத்தியக்கூறுகள் காணப்படுகின்றன.
இது பற்றி தனக்குத் தெரியாது என்றும், இலங்கையின் வெளிநாட்டலுவல்கள் அமைச்சே இதனை ஏற்பாடு செய்துள்ளதாகவும் அவர் தெரிவித்ததாக ஊடகங்கள் செய்திகளை வெளியிட்டிருந்தன எனவும் அவர் மேலும் தெரிவித்தார்.
கடந்த காலங்களில் தொழுகையில் பொடுபோக்குடன் இருந்து  இலட்சியம் மறந்து அலட்சியம் செய்துவிட்டோம்.
இந்நிலையில் தனது வழக்கறிஞர் மூலம் தேர்தல் பிரசாரத்துக்காக நீதிமன்றத்திடம் அனுமதி கோரியிருந்தார்.
இலங்கையில் மிளகு மற்றும் கொட்டைப் பாக்கு உற்பத்தியாளர்கள் இருக்கின்றபோதும் இவை இந்தோனேசியாவிலிருந்து இறக்குமதி செய்யப்பட்டு மீண்டும் இந்தியாவுக்கு ஏற்றுமதி செய்யப்படுகிறது.
இது சுங்கத்தினூடாக ஒரு மாஃபியாவாக நடைபெறுகிறது.
இச் செயன்முறை 2012 ஆம் ஆண்டு ராஜபஷவின் அரசாங்க காலத்திலே ஆரம்பிக்கப்பட்டது.
பின்னர் இந்தியாவுடனான மிளகு ஏற்றுமதி ஒப்பந்தத்தை தற்காலிகமாக நிறுத்தி மீண்டும் புதிய நிபந்தனைகளுடன் அது ஆரம்பிக்கப்பட்டுள்ளது.
கடற்படை அதிகாரியை நியமித்தால் தமது வியாபாரத்தை தொடர்ந்தும் முன்னெடுக்க முடியாமல் போகுமென ஒன்றிணைந்த எதிர்க்கட்சியினர் அஞ்சி விட்டனர்.
இந்த வர்த்தகம் மட்டுமல்ல 16 பில்லியன் ரூபாவை நாட்டுக்கு கிடைக்க விடாமல் செய்த பி.எம்.டபிள்யு வர்த்தகம் தொடர்பாகவும் விசாரணைகள் ஆரம்பிக்கப்பட்டுள்ளன.
1867 ஆம் ஆண்டு இயற்றப்பட்ட சட்டத்தினூடாகவே சுங்கம் தற்போதும் நிருவகிக்கப்படுகின்றது.
இதில் கலந்துகொண்டு உரையாற்றும் போதே அவர் இவ்வாறு கூறினார்.
அதன் காரணமாக ஜனாதிபதி மற்றும் பிரதமரது ஆலோசனையின் பிரகாரம் இத் தீர்மானம் எடுக்கப்பட்டுள்ளது.
சிறிய மற்றும் நடுத்தர வர்த்தகர்கள் பெற்றுக்கொண்ட கடன்களை உரிய வகையில் செலுத்த முடியாமல் போனமைக்கு அவர்கள் மாத்திரம் காரணமல்ல.
என்றாலும் கடன்களை பெற்றுக்கொள்வதில் வர்த்தகர்களுக்கு சிக்கல் நிலைமைகள் ஏற்பட்டுள்ளது.
சொந்த இடங்களுக்கு மீண்டும் வந்த மக்கள் முசலியில் பல்வேறு இடங்களில் குடியேற்றப்பட்டனர்.
இன்போது ஊர்வலத்தில் கலந்து கொண்ட மக்கள் 'கடற்படையே வெளியேறு', 'எங்கள் நிலம் எமக்கு வேண்டும்', 'கடற்படையே எம் நிலத்திலிருந்து புலம் பெயர்ந்தவர்களை மீண்டும் குடியேற்ற வழி செய்', 'கடற்படை முகாமை மாற்ற 10 வருடங்கள் காணாதா?', 'கடற்படையே எமது பூர்வீக நிலத்தில் வாழும் உரிமையை தா', உள்ளிட்ட பல்வேறு வசனங்கள் எழுதப்பட்ட பதாதைகளை ஏந்தியவாறு போராட்டத்தில் ஈடுபட்டனர்.
பண இது பாடசாலை மாணவர்களிடையேயும் அவர்களது பெற்றோர்களிடையேயும் பல்வேறு மன உளைச்சல்களையும் பொருளாதார சுமை மற்றும் ஏற்றத் தாழ்வுகளையும் ஏற்படுத்தி வருவதுடன், இலவசக் கல்விக் கொள்கையையும் கேள்விக்குள்ளாக்கியுள்ளது.
பொது நிருவாக அமைச்சின் கீழ் உள்ள இலங்கை நிருவாக சேவை, இலங்கை திட்டமிடல் சேவை, இலங்கை கணக்காளர் சேவை, இலங்கை கட்டிடக் கலைஞர் சேவை, இலங்கை விஞ்ஞான சேவை, இலங்கை பொறியியல் சேவைகளுக்கான திருத்தப்பட்ட சேவை பிரமாணக் குறிப்புக்கள் அரச வர்த்தமானி மூலம் வெளியிடப்பட்டுள்ளது.
இம்முறை அகில இலங்கை பாடசாலை மெய்வல்லுநரில் சுவட்டு நிகழ்ச்சிகளுக்கான அதிசிறந்த ஓட்ட வீரருக்கான விருதையும் அவர் தட்டிச் சென்றார்.
வருடத்தின் அதி சிறந்த பெண் மெய்வல்லுநராக 20 வயதுக்கு உட்பட்ட பெண்களுக்கான 200 மீற்றர் ஓட்டப் போட்டியை 24.48 செக்கன்களில் நிறைவுசெய்து தங்கப் பதக்கம் வென்ற ராஜகிரிய கேட்வே கல்லூரியைச் சேர்ந்த ஷெலிண்டா ஜென்சன் தெரிவானார்.
16 வயதுக்கு உட்பட்ட ஆண்களுக்கான ஈட்டி எறிதல் போட்டியில் 66.63 மீற்றர் தூரத்தை எறிந்து புதிய போட்டிச் சாதனையுடன் அவர் தங்கப் பதக்கம் வென்றார்.
பாய்தல் நிகழ்ச்சிகளில் அதி சிறந்த வீரருக்கான விருதை இராஜாங்கன மகா வித்தியாலயத்தைச் சேர்ந்த எம். சந்தனுவ பெற்றுக்கொண்டார்.
இவர் 20 வயதுக்கு உட்பட்ட ஆண்களுக்கான முப்பாய்ச்சலில் 15.32 மீற்றர் தூரம் பாய்ந்து தங்கப் பதக்கம் வென்றார்.
501 புள்ளிகளைப் பெற்றுக்கொண்ட மத்திய மாகாணம் 2ஆவது இடத்தையும், 437 புள்ளிகளைப் பெற்றுக்கொண்ட வடமேல் மாகாணம் 3ஆவது இடத்தையும் பெற்றுக்கொண்டன.
கடந்த வருடத்தைப் போல இம்முறையும் கிழக்கு மாகாணம் கடைசி இடத்தைப் பெற்றுக்கொண்டாலும், கடந்த வருடம் 28 புள்ளிகளைப் பெற்றுக்கொண்ட அந்த மாகாணம், இம்முறை 78 புள்ளிகளைக் குவித்தது.
இம்முறை அகில இலங்கை பாடசாலைகள் விளையாட்டு விழாவில் அதி சிறந்த திறமைகளை வெளிப்படுத்திய பாடசாலைகளில் 127.5 புள்ளிகளைப் பெற்றுக்கொண்ட கொழும்பு றோயல் கல்லூரி சம்பியனாகத் தெரிவாகியதுடன், பம்பலப்பிட்டி புனித பேதுரு கல்லூரி (80 புள்ளிகள்) இரண்டாவது இடத்தையும், கொழும்பு விசாகா கல்லூரி (60 புள்ளிகள்) மூன்றாவது இடத்தையும் பெற்றுக்கொண்டன.
குறித்த போட்டியை நிறைவுசெய்ய 9.75 செக்கன்களை அவர் எடுத்துக் கொண்டார்.
18 வயதுக்கு உட்பட்ட பெண்களுக்கான 400 மீற்றர் தடை தாண்டல் ஓட்டப் போட்டியை ஒரு நிமிடமும் 02.15 செக்கன்களில் நிறைவுசெய்த இரத்தினபுரி சுமனா மகளிர் வித்தியாலயத்தைச் சேர்ந்த எஸ்.சி பந்துகா புதிய போட்டிச் சாதனை நிலைநாட்டினார்.
குறித்த போட்டியில் அவர் 58.86 மீற்றர் தூரத்தை எறிந்து வெள்ளிப் பதக்கத்தினை வென்றார்.
இது தொடர்பாக பொலிஸ் நிலையத்தில் முறைப்பாடு செய்யப்பட்டதை தொடர்ந்து ஊடகங்களுக்கு கருத்து தெரிவிக்கும் போதே அவர் இதனை குறிப்பிட்டார்.
சட்டத்தில் உள்ள தவறினால் நீண்டகாலமாக தடுத்து வைக்கப்பட்டுள்ள அரசியல் கைதிகள் தொடர்பில் அரசாங்கத்தின் நிலைப்பாடு என்ன? என நேற்று நடைபெற்ற அமைச்சரவை முடிவுகளை அறிவிக்கும் ஊடக மாநாட்டில் ஊடகவியலாளர்கள் கேள்வி எழுப்பினார்கள்.
இதற்குப் பதிலளித்த போது அமைச்சர் ராஜித சேனாரத்ன இவ்வாறு கூறினார்.
தமது வழக்குகள் அனுராதபுரத்துக்கு மாற்றப்பட்டமையை எதிர்த்து பதினைந்து நாட்களாக உண்ணாவிரதம் இருக்கும் அரசியல் கைதிகள் தொடர்பில் அமைச்சர் மனோ கணேசன் ஜனாதிபதியின் கவனத்திற்கு கொண்டு வந்திருந்தார்.
இது தொடர்பில் சட்டமா அதிபரிடம் உடன் விளக்கம் கோரி தேவையான நடவடிக்கை எடுப்பதாக ஜனாதிபதி மைத்திரிபால சிறிசேன கூறியிருந்தார்.
அவர்களது செல்போன், பேஸ்புக், டுவிட்டர், வாட்ஸ்அப் தொடர்புகள் அனைத்தும் மிக ரகசியமாக பின்தொடரப்பட்டன.
இதன்போது கோவையிலுள்ள 6 பேர் ஐ.எஸ். தீவிரவாத இயக்கத்தின் ஆதரவாளர்களாக இருப்பதும் ஐ.எஸ். தீவிரவாத கொள்கைகளை பேஸ்புக் மூலம் பரப்பி வருவதும் உறுதிப்படுத்தப்பட்டது.
இந் நிலையில் கோவையிலுள்ள இளைஞர்களை மொத்தமாக கைதுசெய்ய தேசிய விசாரணைக்குழு முடிவு செய்தது.
கோவை உக்கடம் அன்பு நகரை சேர்ந்த முஹமது அசாருதீன் (32), போத்தனூர் சாலை திருமால் நகரை சேர்ந்த அக்ரம் ஜிந்தா(26), தெற்கு உக்கடம் ஷேக் இதயதுல்லா (38), குனியமுத்தூரை சேர்ந்த அபுபக்கர்(29), போத்தனூர் மெயின் ரோடு உம்மர் நகரை சேர்ந்த சதாம் உசேன்(26), தெற்கு உக்கடத்தை சேர்ந்த இப்ராகிம் என்கிற ஜாகின் ஷா(28) உட்பட 7 பேரின் வீடுகளில் சோதனை நடத்தப்பட்டது.
யுத்த களத்தில் சாதிக்காதவர்கள், ஏ. சி. அறைகளில் இருந்துகொண்டு கொழும்பில் உள்ள தமது அலுவலக நாற்காலிகளை சூடாக்கிக்கொண்டு உத்தரவு பிறப்பித்துக்கொண்டிருந்தவர்களை யுத்த ஹீரோக்கள் என்று கூறமுடியாது.
பஸ் வண்டி வீதியோர தடுப்பை கடந்து புரண்டிருப்பதை தொலைக்காட்சி படங்கள் காட்டுகின்றன.
கடந்த ஜுலையில் சீன சுற்றுலா பயணிகளை ஏற்றிச் சென்ற பஸ் வண்டி தீப்பிடித்ததில் 26 பேர் கொல்லப்பட்டனர்.
, (2005) Henry Holt .
"Palatine Boors" who could never acquire the "Complexion" of the English settlers and to "Blacks and Tawneys" as weakening the .
The Way to Wealth .
பற்றி மேலும் அறிய விக்கிப்பீடியாவின் உறவுத் திட்டங்களில் தேடுங்கள்.
நூலகங்களில் (WorldCat catalog) .
Benjamin Franklin: An extraordinary life .
interview with James Srodes on .
Yale edition of complete works .
Crac des Chevaliers and Qal'at Salah El-Din .
என்பதின் ஊடகங்கள் உள்ளன.
Cubozoa — பெட்டி இழுதுமீன் .
, அதே நேரத்தில், நகருந்தன்மையில் இதே தொகுதியைச் சேர்ந்த பிற உயிரினங்களிலிருந்து மாறுபட்டும் காணப்படுகின்றன.
2004 ஆம் ஆண்டு அறிஞர்கள் மூன்று புதிய வகை இருகாண்ட்சி குடும்ப இழுதுமீன்களைக் கண்டறிந்தனர்.
இருக்கும் போதும், நீரில் இல்லாத போதும் இது நச்சுத்தன்மையைக் கொண்டிருந்தது.
என ஆஸ்திரேலியாவைச் சேர்ந்த யூகோ பிலிக்கர் என்பவர் விளக்கினார்.
இதை அவர் தன் மேலும் தன் மகன்மீதும் சோதித்து ஒரு மருத்துவரின் துணையுடன் உலகிற்கு வெளிக்கொணர்ந்தார்.
, பின்முனையில் கழிவு நீக்க உறுப்பும் இடம் பெற்றுள்ளன.
குடை போன்ற பகுதியின் ஓரம் எட்டு மடல்களாகப் பிரிக்கப்பட்டுள்ளது.
குடைப்பகுதியின் விளிம்பில் ஏராளமான  குழல் போன்ற கொட்டு நூல்கள் அமைந்துள்ளன.
அவற்றில் அதன் உணர்கொம்புகள் 100 அடிக்கு மிகுந்தும் காணப்படுகின்றன.
கொண்டிருந்தாலும், அதன் செங்குத்து நகர்த்தல் மூலம் தனது உடலைக் கட்டுப்படுத்துகிறது.
இவ்வுணர் கொம்பில் உள்ள நச்சுகள் இரையை செயலிழக்கச் செய்து அவை தப்பிப்பதிலிருந்து தடுக்கிறது.
பின்னர் இரையானது செரிமானக் குழாயில் செலுத்தப்பட்டு செரிக்கப்படுகிறது.
அவ்வாறு பீச்சுவதன் மூலம் எதிர்த் திசையில் உந்தி உந்தி வேகமாக நீந்திச் செல்லும்.
நிரப்பப்பட்டுள்ளது.
இதன் சமச்சீரான உடற்தோற்றமும், அதன் அழகான முட்டைவடிவத் தலையமைப்பும், இதற்குச் சொறிமுட்டை அல்லது முட்டைசொறி என்ற பெயர் உருவாகக் காரணமானது.
இழுதுமீன்களின் எண்ணிக்கைக் கூடக்கூட அது சமச்சீர் சூழ்நிலை உருவாவதைத் தடுக்கிறது.
சில உயிரினங்கள் முற்றிலும் அழியும் நிலை ஏற்படலாம்.
இதில் மிகுதியான மீன்பிடிப்பு மத்தியின வகை மீனை அக்கடற்கரைப் பகுதியிலிருந்தே குறைத்துவிட்டது.
கூடுதல் உணவு கிடைக்கவே, இழுதுமீன்களுக்கு சாதகமான சூழ்நிலை உருவாகி அவை ஆக்கிரமிப்புச் செய்து மத்தியின மீன்களை முற்றிலும் அழித்துவிட்டன.
2012-07-23 அன்று பரணிடப்பட்டது.
online exclusive (11 July 2008).
இந்த நான்கு வானூர்திகளையும் கொள்வனவு செய்தால் 4 ஆயிரத்து 320 கோடி ரூபா நட்டம் நாட்டுக்கு ஏற்படும்.
அரசாங்கம் பலவீனமடையும்போதும் பிரச்சினைகளைத் தீர்க்க முடியாதுபோகும் போதும் எதிர்க்கட்சி செயற்பாட்டாளர்களுக்கு அசௌகரிய காலம் ஏற்படும் என்றும் அவர் கூறியுள்ளார்.
தனது 54 வயதில் அவர் காலமானமை குறிப்பிடத்தக்கது.
தற்போது சடலம் நீர்கொழும்பு மருத்துவமனையில் வைக்கப்பட்டுள்ளது.
ஒன்றிணைந்த எதிர்க்கட்சி தினமும் பேரணி நடத்துகின்றது, கூட்டம் நடத்துகின்றது.
ஐக்கிய தேசியக் கட்சி 17 வருடங்களாக அரசாங்கத்தில் இருந்தபோது இவ்வாறான பல பேரணிகளை நடத்தப்பட்டது.
இதற்கமைய மேற்கொள்ளப்பட்ட விசேட விசாரணைகளின் போது, குறித்த நபர்கள் கைது செய்யப்பட்டதாக தெரிவிக்கப்பட்டது.
பதுளையில் இடம்பெற்ற நிகழ்வொன்றில் கலந்துகொண்டு உரையாற்றும்போது அவர் இதனை தெரிவித்தார்.
எனினும் அதகாரப் பகிர்வு நடவடிக்கைக்கு  தமிழ்த் தலைவர்கள் எதிர்ப்பினை வெளியிட்டுள்ளனர்.
ரத்தனபிட்டிய பகுதியில் நேற்று இடம்பெற்ற நிகழ்வொன்றில் கலந்துகொண்டு கருத்து வெளியிட்டபோதே அவர் இவ்வாறு கவலை வெளியிட்டுள்ளார்.
இலங்கை மற்றும் அமெரிக்காவுக்கு இடையிலான உறவுகளை மேலும் பலப்படுத்த எதிர்பார்ப்பதாக ஜனாதிபதி மைத்திரிபால சிறிசேன தெரிவித்துள்ளார்.
இத்தாலியின் வெரோனா நகரத்தின் அருகாமையிலேயே இந்த விபத்து இடம்பெற்றதாக வெளிநாட்டு ஊடகங்கள் தெரிவித்துள்ளன.
இதன்போது இந்த பிரதேசங்களில் காற்று சற்று அதிகரித்து வீசக்கூடும் எனவும் குறிப்பிடப்பட்டுள்ளது.
அனைத்து பலகலைக்கழக மாணவர் ஒன்றியம் இந்த போராட்டங்களை ஏற்பாடு செய்திருந்தது.
உடனே வெள்ளை மாளிகை சென்ற அவர் ஓவல் அலுவலகத்தில் அதிபர் இருக்கையில் அமர்ந்து தனது பணிகளை தொடங்கினார்.
அந்த உத்தரவில் 'ஒபாமா கேர்' திட்டத்தின் சட்ட விதிமுறைகள் முடக்கப்பட்டு அவை அரசு நிறுவனங்களுக்கு அனுப்பப்பட்டது.
இன்று காலை சுமார் 9 மணியளவில் அந்த சந்தையில் இருந்த காய்கறி பெட்டிக்குள் மறைத்து வைக்கப்பட்டிருந்த இந்த குண்டு வெடித்த விபத்தில் 20 பேர் சம்பவ இடத்திலேயே உயிரிழந்தனர்.
இதற்கமைய கொழும்பு காலி முகத்திடல் மற்றும் வெல்லவத்தை ஆகிய இடங்களில் இன்று சிறப்பு ஒன்று கூடல் இடம்பெற்றுள்ளன.
பொது அறிவித்தலில் ஒன்றிணைந்த பலர் இதில் கலந்து கொண்டனர்.
இதேவேளை, யாழ்ப்பாணம் பொது நூலகத்திற்கு அருகில் இன்று உணவுத்தவிர்ப்பு போராட்டம் ஒன்று ஆரம்பிக்கப்பட்டுள்ளது.
இதேவேளை, ஜல்லிக்கட்டுக்கு ஆதரவு தெரிவித்து இன்று மாலை மன்னார் மாவட்ட பொது வைத்தியசாலை பிரதான வீதியில் ஆர்ப்பாட்டம் ஒன்று முன்னெடுக்கப்பட்டுள்ளது.
கொழும்பில் நேற்று இடம்பெற்ற ஊடக சந்திப்பில் பங்குகொண்ட முன்னணியின் ஊடக பேச்சாளர் மொஹமட் முசம்மில் இதனை தெரிவித்தார்.
எவ்வாறாயினும் தமது கட்சியின் கூட்டத்தை சீர்குலைக்க எதிர்பார்த்துள்ள அரசாங்கத்தின் எதிர்பார்ப்பு ஒருபோதும் நிறைவேறாது எனவும் அவர் குறிப்பிட்டுள்ளார்.
இந்த கலந்துரையாடலில் மேல் மாகாண முதலமைச்சர் இசுரு தேவப்பிரிய, சம்ரகமுவ மாகாண முதலமைச்சர் மஹிபால ஹேரத் மற்றும் வடமேல் மாகாண முதலமைச்சர் தர்மசிறி தசநாயக்க ஆகியோர் பங்குகொள்ள உள்ளமையை உறுதி செய்துள்ளனர்.
எனினும் இறுதியில் அவர்கள் தமது நற்பெயரை கெடுத்துக்கொண்டே அரசியலில் இருந்து வெளியேறியுள்ளனர்.
சுவிட்சர்லாந்தில் இடம்பெறும் உலக பொருளாதார மாநாட்டில் பங்கேற்றதன் பின்னர் இலங்கை அமைச்சர்கள் பிரேசில் நகருக்குச் சென்றுள்ளனர்.
நிதியமைச்சர் ரவி கருணாநாயக்க மற்றும் ஐரோப்பிய முதலீட்டு வங்கியின் பிரதி தலைவர் ஆகியோர் 50 மில்லியன் யூரோ பொறுமதியான உடன்பபடிக்கை ஒன்றிலும் கைச்சாத்திட்டுள்ளனர்.
கடந்த 2013 ஆம் ஆண்டு முதல் சிரியாவின் இட்லிப் மாகாணத்தில் முகாமிட்டுள்ள அமெரிக்க ராணுவம் தொடர்ந்து தாக்குதலில் ஈடுபட்டு வருகிறது.
அங்கு லிபிய எல்லையில் அல்கொய்தா தீவிரவாதிகள்,l பயிற்சி முகாமிட்டுள்ளனர்.
ஒடிசா மாநிலம் குலோரி புகையிரத நிலையத்தில் இருந்து 30 கி.மீ தொலைவில் ராஜகாடா அருகே ஜக்தல்பூர்-புவனேஷ்வர் இடையே செல்லும் புகையிரத, 8 பெட்டிகள் தடம் புரண்டு விபத்துக்குள்ளானது.
இந்த விபத்தில் பலி எண்ணிக்கை மேலும் உயர கூடும் என அஞ்சப்படுகிறது.
குறித்த அறிக்கையானது பெப்ரவரி மாதம் நடுப்பகுதியில் முழுமையடையும் எனவும் அவர் எமது செய்தி பிரிவிடம் தெரிவித்தார்.
இன்று காலை சடலம் மீட்கப்பட்டதாக காவற்துறை தெரிவித்தது.
சடலங்கள் தற்போது நாவலப்பிடி மருத்துவமனையில் வைக்கப்பட்டுள்ளது.
இந்த கலந்துரையாடலின் போது, இடம்பெறவுள்ள உள்ளுராட்சி தேர்தலில் சுதந்திர கட்சி எவ்வாறு போட்டியிட வேண்டும் என்பது குறித்து விசேட கவனம் செலுத்தப்பட்டது.
அத்துடன், பொது ஜன முன்னணியின் தலைவர் ஜி.எல். பீரிசும் இந்த கலந்துரையாடலில் பங்குபற்றினார்.
இந்த வருடத்தில் முதல் 21 நாள் காலப்பகுதியினில் மட்டும் இரண்டாயிரத்து ஐந்நூறு பேர் டெங்கு தொற்றுக்கு உள்ளாகியுள்ளமை கண்டறியப்பட்டுள்ளதாக தேசிய டெங்கு ஒழிப்பு பிரிவு தெரிவித்துள்ளது.
எதிர்வரும் 24 ஆம் திகதி விசேட டெங்கு ஒழிப்பு வேலைத் திட்டம் முன்னெடுக்கப்படவுள்ளதாகவும் தேசிய டெங்கு ஒழிப்பு பிரிவு குறிப்பிட்டுள்ளது.
ஜல்லிகட்டு போட்டிக்கு நிரந்தர தீர்வு ஒன்று வழங்கப்பட வேண்டும் என ஆர்ப்பாட்டக்காரர்கள் கோரியுள்ளனர்.
மனம்பிடிய பிரதேசத்தினை சேர்ந்த 28 வயதுடைய இளைஞர் ஒருவரே இவ்வாறு உயிரிழந்துள்ளதாக காவற்துறை தெரிவித்தது.
அதற்கு அவர் மறுப்பு தெரிவித்தார்.
இந்த நிலையில் அவர் பதவி ஏற்ற பிறகு அமெரிக்கா மற்றும் உலக நாடுகளில் நேற்று பெண்கள் போராட்டம் நடத்தினர்.
அமெரிக்க தலைநகர் வாஷிங்டனில் நடந்த பெண்கள் பேரணியை ஆலிவுட் நடிகர் அமெரிக்கா பெர்ரா தொடங்கி வைத்தார்.
போராட்டத்தில் பங்கேற்ற பெண்கள் மெட்ரோ ரெயில்களில் பயணம் செய்தனர்.
அவர்கள் டிரம்புக்கு எதிராக கோ‌ஷங்களை எழுப்பினார்கள்.
அதில் கலந்து கொண்ட ஏராளமான பெண்கள் கருஞ்சிவப்பு நிற பூனை வடிவ தொப்பிகளை அணிந்து இருந்தனர்.
அதே போன்று இங்கிலாந்தில் லண்டனில் பெண்கள் போராட்டம் மற்றும் பேரணி நடத்தினர்.
சிட்னியில் நடந்த போராட்டத்தில் பல்லாயிரக்கணக்கானோர் கலந்து கொண்டனர்.
கடந்த வெள்ளிக்கிழமை இரவு இந்த கொள்ளை சம்பவம் இடம்பெற்றுள்ளதாக காவற்துறை தெரிவித்துள்ளது.
சுதந்திர கட்சியினை பிரதிநிதித்துவப்படுத்தும் 7 மாகாண சபைகளின் முதலமைச்சர்களின் கோரிக்கைக்கு அமைய இன்று காலை இந்த பேச்சுவார்த்தை முன்னாள் ஜனாதிபதி மஹிந்த ராஜபக்ஷவின் கொழும்பு விஜயராமையில் அமைந்துள்ள இல்லத்தில் இடம்பெற்றுள்ளது.
இதற்கு அநுராதபுர மாவட்ட நாடாளுமன்ற உறுப்பினர் சுஜீவ சோமசிங்க வருகைதந்திருந்தார்.
நிறைவேற்று அதிகாரம் கொண்ட ஜனாதிபதி முறைமையை நீக்கப்போவதில்லை என சிறிலங்கா சுதந்திர கட்சியினர் குறிப்பிட்டனர்.
இதற்கு பதிலளிக்கும் போதே பிரதமர் ரணில் விக்கரமசிங்க இந்த கருத்தை வெளியிட்டார்.
கண்டியில் இடம்பெற்ற நிகழ்வொன்றில் வைத்தே அவர் இதனைத் தெரிவித்துள்ளார்.
நீர் வழங்கல் திட்டம் ஒன்றை திறப்பது தொடர்பாக இடம்பெற்ற அந்த நிகழ்வில் நாடாளுமன்ற உறுப்பினர் திலும் அமுனுகமவிற்கும் அழைப்பு விடுக்கப்பட்டிருந்தமை குறிப்பிடத்தக்கது.
காணி, நீர் விநியோகம், மீள்குடியேற்றம், வாழ்வாதாரம், விவசாயம், மீன்பிடி, நிர்வாக அதிகாரிகளின் புறக்கணிப்பு உள்ளிட்ட பல பிரச்சினைகளுக்கு முஸ்லிம்கள் தற்போது முகங்கொடுத்து வருகின்றார்கள்.
மதுரை மாவட்டம், அலங்காநல்லூரில் பொதுமக்களின் கடும் எதிர்ப்பு காரணமாக ஜல்லிக்கட்டு ரத்து செய்யப்பட்டது.
பீதுருதலாகல வனப்பகுதியில் இருந்து சுமார் 2 கிலோ மீற்றர் தூரத்திற்கு சென்ற சி.ஐ.ஏ குழுவிற்கு குறித்த நீர் வீழ்ச்சி உலர்ந்து போயுள்ளமைக்கான காரணம் தெரியவந்தது.
இது தொடர்பாக ஹிரு சி.ஜ.ஏ வெளிப்படுத்திய பின்னரே குறித்த ஆர்ப்பாட்டம் நேற்று இடம்பெற்றுள்ளது.
இந்த ஆர்ப்பாட்டத்தில் கலந்து கொண்ட மக்கள், லவர்ஸ் லீக் நீர்வீழ்ச்சிக்கு ஏற்படுத்தப்பட்டுள்ள இந்த அழிவு தொடர்பாக அதிகாரிகள் உரிய நடவடிக்கை மேற்கொள்ள வேண்டும் என கோரியுள்ளனர்.
ஜனாதிபதியின் ஊடகப் பிரிவு இதனை தெரிவித்துள்ளது.
கடந்த 2015ஆம் ஆண்டு மத்திய வங்கியில் இடம்பெற்றதாக கூறப்படும் இந்த பிணை முறி விற்பனை தொடர்பில் அண்மையில் கோப் குழுவினால் அறிக்கை ஒன்று நாடாளுமன்றத்தில் சமர்ப்பிக்கப்பட்டது.
கொழும்பில் நேற்று இடம்பெற்ற நிகழ்வொன்றில் அவர் இதனை குறிப்பிட்டார்.
கட்டுப்பாடுகளுக்கு எதிராக மக்கள் கிளர்ந்தெழுவார்கள்.
அத்துடன் இந்த சீரற்ற காலநிலையினால் நூற்றுக்கணக்கானவர்கள் காயமடைந்துள்ளதாக தகவல்கள் தெரிவிக்கின்றன.
இதனால், தென் அமேரிக்காவின் 7 பிராந்தியங்களில் அவசர காலம் பிரகடனம் செய்யப்பட்டுள்ளதாக சர்வதேச தகவல்கள் தெரிவிக்கின்றன.
கடந்த ஆட்சிக் காலத்தில் பல மோசடிகள் இடம்பெற்றன.
அத்துடன் அரசாங்கம் நாட்டின் வளங்களை விற்பனை செய்யும் நடவடிக்கைகளை மேற்கொண்டு வருவதாக அனுரகுமார திசாநாயக்க குற்றம் சுமத்தினார்.
இதற்காக மூன்றாவது விடுதலைப் போராட்டத்தை நடத்த வேண்டியுள்ளதாக கம்மன்பில குறிப்பிட்டார்.
விபத்து இடம்பெற்றுள்ள இடத்தில் முச்சக்கர வண்டி ஒன்றுக்கும், மோட்டார் வாகனம் ஒன்றுக்கும் சேதம் ஏற்பட்டுள்ளதாக எமது செய்தியாளர் தெரிவித்துள்ளார்.
விபத்தில் உயிரிழந்துள்ளவர்கள் பெண்ணொருவர் மற்றும் ஆண்ணொருவரும் என காவற்துறை ஊடகப் பிரிவு தெரிவித்துள்ளது.
இந்த விபத்தால் குறித்த பாதையில் வாகன நெரிசல் காணப்படுவதாக தெரிவிக்கப்பட்டுள்ளது.
இதனுடன் அப்பிரதேசங்களில் மழை அல்லது  இடியுடன் கூடிய மழை பெய்யக்கூடும் என வளிமண்டலவியல் திணைக்களம் குறிப்பிட்டுள்ளது.
அதனால் அப்பகுதியில் பதற்றம் ஏற்பட்டுள்ளதாக தமிழக செய்திகள் தெரிவிக்கின்றன.
அடுத்த அறிவிப்பு வெளியாகும் வரை போராட்டம் தொடரும் என்று அவர்கள் தரப்பில் தெரிவிக்கப்பட்டது.
கைதுசெய்யப்பட்டவர் சந்தேகத்திற்குரிய வகையில் மகிழுந்தில் நீண்ட நேரம் அமர்ந்திருந்த நிலையில், அந்த நாட்டு பாதுகாப்பு தரப்பினர் சோதனைகளை மேற்கொண்டுள்ளனர்.
சந்தேகத்திற்குரியவர் திருகோணமலை காவல்துறையினரிடம் ஒப்படைக்கப்பட்டுள்ளார்.
இதேவேளை, திருகோணமலை உப்புவெலி பிரதேசத்தில் இரண்டு கிலோ கஞ்சா போதைப் பொருளுடன் மூவர் கைதுசெய்யப்பட்டுள்ளனர்.
கணவன் மனைவி மற்றும் இளைஞர் ஒருவரே இவ்வாறு கைதுசெய்யப்பட்டுள்ளனர்.
நேற்று இரவு குறித்த நபர் உட்பட மேலும் இரண்டு பேர் குறித்த நிறுவனத்தில் நுழைந்து உரிமையாளரான பெண்ணிடம் கத்தியொன்றை காட்டி மிரட்டி தங்க நகைகள், கையடக்க தொலைபேசிகள் மற்றும் பணத்தினையும் கொள்ளையிட்டுள்ளனர்.
இளைஞர்கள் குழுவொன்றில் ஏற்பட்ட கருத்து முரண்பாடே இவ்வாறு கைகலப்பாக மாறியதாக தெரிவிக்கப்படுகிறது.
இது தவிர மேலும் 54 பேர் காயமடைந்துள்ள நிலையில் அவர்கள் தொடர்ந்தும் சிகிச்சை பெற்றுவருவதாக இந்திய தகவல்கள் தெரிவிக்கின்றன.
தடம்புரண்டதற்கான காரணம் குறித்து அறியும் நோக்கில் விசாரணைகள் மேற்கொள்ளப்படுவதாக குறிப்பிடப்பட்டுள்ளது.
அப்போது போராட்டத்தில் ஈடுபட்டிருந்த பெண்களின் ஆடைகளை பொலிஸார் கிழித்ததாக மாணவர்களை மேற்கோள்காட்டி இந்திய ஊடகங்கள் செய்தி வெளியிட்டுள்ளன.
ஜல்லிக்கட்டுக்கு நிரந்தர சட்டம் இயற்ற வலியுறுத்தி சென்னை மெரினாவில் 7வது நாளாக இளைஞர்கள் மற்றும் பெண்கள் என லட்சக்கணக்கானோர் போராட்டத்தில் ஈடுபட்டிருந்தனர்.
இந்த சம்பவம் பெரும் பரபரப்பை ஏற்படுத்தியுள்ளது.
சந்தேக நபர்கள் 17 மற்றும் 43 வயதான தம்பதெனிய மற்றும் கெலேகெதர பிரதேசங்களை சேர்ந்தவர்கள் என கோகுருல்ல காவற்துறை தெரிவித்துள்ளது.
மெலசிபுர நகரில் ஆயிரம் ரூபாய் போலி நாணயத்தாளை வைத்திருந்த போது ஒரு சந்கேக நபர் கைது செய்யப்பட்டுள்ள நிலையில், அவர் மறைத்து வைத்திருந்த மேலும் 5 ஆயிரம் ரூபாய் போலி நாணயத்தாளும், 500 ரூபாய் போலி நாணயத்தாள்கள் ஐந்தும் கைப்பற்றப்பட்டுள்ளன.
இதற்கமைய குறித்த வீட்டில் மேற்கொண்ட சோதனையின் போது மற்றைய சந்தேக நபர், 500 ரூபாய் போலி நாணயத்தாள்கள் 16 உடன் கைது செய்யப்பட்டுள்ளார்.
ஜல்லிக்கட்டு ஆதரவாளர்கள் கூட்டத்தைக் கலைக்க போலிசார் இன்று திங்கட்கிழமை காலையிலிருந்து முயன்று வருகையில், சென்னைக் கடற்கரையை ஒட்டியுள்ள பல பகுதிகளில் வன்செயல்கள் நிகழ்ந்துள்ளதாக செய்திகள் கூறுகின்றன.
சென்னை கடற்கரையை அண்மித்த ராயப்பேட்டை, திருவல்லிக்கேணி, ஐஸ்ஹவுஸ், பட்டினப்பாக்கம் போன்ற பகுதிகளில் வன்செயல்கள் நடப்பதாக தகவல்கள் கூறுகின்றன.
ஒரு காவல் நிலையத்தின் அருகே வன்முறையாளர்கள் தீ வைத்தனர்.
தீயணைப்புப் படையினர் அத்தீயை அணைக்க முயன்றுவருகிறார்கள்.
ஓரிரு இடங்களில் போலிசார் கட்டுக்கடங்க மறுக்கும் கூட்டத்தினர் மீது தடியடி நடத்தினர் என்று செய்திகள் கூறுகின்றன.
எனினும் இந்திய அரசாங்க வட்டார தகவல்களை மேற்கொள் காட்டி அந்த நாட்டு ஊடங்கள், இவ்வாறான எந்தவொரு ஒப்பந்தம் தொடர்பாக இந்திய அரசாங்கம் ஆயத்தமாக இல்லை என செய்திகள் வெளியிட்டுள்ளன.
கொழும்பு விசாகா கல்லூரில் இடம்பெற்ற நிகழ்வொன்றில் வைத்து அவர் இதனைக் கூறியுள்ளார்.
மாணவர்கள் சிறந்த ஒரு எதிர்காலத்தை நோக்கி பயணிக்க வேண்டிய காலத்தை நெருங்கியுள்ளனர்.
இந் நிகழ்வில் உயர் அதிகாரிகள் படையினர் மற்றும் பலர் கலந்து கொண்டனர்.
7 ஆவது இலங்கை இலேசாயுத காலாட் படையணியின் ஏற்பாட்டில் இரண்டாவது தடவையாகவும் கிளிநொச்சி பரவிபஞ்சன்விளையாட்டு மைதானத்தில் 35 காலபந்தாட்ட கழகங்களின் பங்குபற்றுதலுடன் கடந்த வியாழக்கிழமை (28) ஆம் திகதி முன்னாள் 57 ஆவது படைப்பிரிவின் படைத்தளபதியும் தற்போதய கிளிநொச்சி பாதுகாப்பு படைத் தளபதியுமான மேஜர் ஜெனரல் விஜித ரவிப்பிரிய அவர்களின் வழிகாட்டுதலினூடாக இடம்பெற்றது.
முன்னாள் மஹாதேவ அஷ்ரமயவின் பொறுப்பாளர் காலஞ்சென்ற திரு. ராஜநாயகம் அவர்களின் நினைவாக சிரிலங்கா மொபிடல் அணுசரனையுன் நடாத்தப்பட்டஇப்போட்டிக்கானதங்களது விண்ணப்பங்களைஆர்வமுள்ள 35 கால்பந்தாட்ட கழகங்கள் அனுப்பி போட்டியில் கலந்துகொண்டனர் .
571 ஆவது படைத் தளபதி கேணல் நஜீவ எதிரிசிங்க, மஹாதேவ அஷ்ரமய தலைவர் திரு. பொண்ணம்பலம் நித்தியநாதன், சிரிலங்கா மொபிடல் நிறுவன திரு. சுகத் அபேசிங்க உள்ளிட்ட பலர் இப்போட்டியின் ஆரம்ப நிகழ்வின்போது கலந்துகொண்டனர் .
ஆனால் மிகவும் சன நெரிசலான இடங்களில் மற்றும் பொது கூட்டமான இடங்களில் அவர்களின் நகர்வு தொடர்பாக  பின்னர் கொழும்பு ஐக்கிய அமெரிக்க தூதரக தூதுவரினால் தெளிவுபடுத்தப்பட்டுள்ளன.
அதனைத் தொடந்து பாதுகாப்பு அமைச்சின் செயலாளரவர்கள் ஊடக சந்திப்பை மேற்கொண்டு மேலும் தெரிவிக்கையில், நாங்கள் பாதுகாப்பு தொடர்பாக பலவாறான கோணங்களில் கலந்துரையாடினோம்.
யாழ் பிரதேசத்தில் வசிக்கும் பின் தங்கிய குடும்பத்தைச் சேர்ந்த பாடசாலை  மாணவர்கள் 22 பேருக்கு யாழ் பாதுகாப்பு படைத் தளபதி மேஜர் ஜெனரல் தர்ஷன ஹெட்டியாரச்சி அவர்கள் துவிச்சக்கர வண்டிகள் (16) ஆம் திகதி ஞாயிற்றுக் கிழமை வழங்கி வைத்தார்.
பின்னர் தலைமையகத்திற்கு வருகை தந்த படைத் தளபதி தலைமையக வளாகத்தினுள் மரநடுகைகள் மேற்கொண்டு படையினர் மத்தியில் உரையையும் நிகழ்த்தினார்.
NBTF  இன் வல்லுநர்களால் பரிந்துரைக்கப்பட்ட வழிகாட்டுதல்களில் பொருத்தமான சாத்தியக்கூறு ஆய்வுகள் நடத்தியபின்னர், அரசாங்கம் மற்றும் பிற அரசு நிறுவனத்தினால் நியமிக்கப்பட்டபடி அனைத்து அபிவிருத்திக் கருத்திட்டங்களும் எதிர்காலத்தில் ஒத்துழைப்பை வழங்கும்.
அதன் பின்பு   பௌத்த மத ஆசிர்வாத பூஜைகள் இடம்பெற்றது.
அதனை தொடர்ந்து பொறியியல்  படையணியின்  படைத் தளபதி மேஜர் ஜெனரல் ஹெட்டியாராச்சி  அவர்கள் படையினர் மத்தியில் உரையை நிகழ்த்தினார்.
விழாவின் முடிவில், NBTF மற்றும் அதன் பணி வெற்றிகரமான நிறுவலுக்கு அறிவிக்கப்பட்டது, அது இராணுவ தளபதிக்கு முன் வைக்கப்பட்டது.
வவுனியா சர்வதேச செஞ்சிலுவைச் சங்க கிளையின் பிரதானியான மார்க் சவுபா அவர்கள் (7) ஆம் திகதி சனிக் கிழமை கிளிநொச்சி பாதுகாப்பு படைத் தளபதியான மேஜர் ஜெனரல் நிஷ்சங்க ரணவன அவர்களை சந்தித்து  கலந்துரையாடலை மேற்கொண்டார்.
ஹேனானிகலையில்  அமைந்துள்ள இலங்கை இராணுவ தேசிய பாதுகாப்பு பயிற்சி நிலையத்தில் 543  இராணுவ பயிலுணர்கள்  பயிற்சிகளை  நிறைவு செல்லும் நிகழ்வு டிசம்பர் 29 ஆம் திகதி இடம்பெற்றது.
இந்த நிகழ்வில் மேலும் இராணுவ சிரேஷ்ட அதிகாரிகள், இராணுவ பயிலுணர்களின் உறவினர்கள் மற்றும் பெற்றோர்கள் இணைந்து கொண்டனர்.
பின்னர் சமய அனுஷ்டான ஆசிர்வாதங்களின் பின்பு தனது புதிய பதவியை உத்தியோகபூர்வமாக கையொப்பமிட்டு பொறுப்பேற்றார்.
பின்னர் புதிய கட்டளை தளபதி அவர்கள் தலைமையக வளாகத்தினுள் மரநடுகை மேற்கொள்ளப்பட்டு அதனை தொடர்ந்து படையினர் மத்தியில் உரையும் நிகழ்த்தினார்.
கடற்படையினால் புல்மோட்டையில் மேற்கொண்ட சோதனை நடவடிக்கைகளின் போது 5 சொட் கன், 59 துப்பாக்கி தோட்டாக்கள், சந்தேகத்திற்கிடமான வீடியோ   கெஷட்டுகள், 4 டெட்டனேட்டர்கள் கைப்பற்றப்பற்றதாக கடற்படை பேச்சாளர் லெப்டினன்ட் கொமாண்டர் இசுரு சூரியபண்டார அவர்கள் தெரிவித்தார்.
வருகையின் முடிவில், ‘அபிமன்சலா 1’ இன் அன்றைய பார்வையாளர் மற்றும் அங்கத்தவர்களுடன்  சுருக்கமாக உரையாடினார், அதைத் தொடர்ந்து தேநீர் விருந்துபசாரத்திலும் கலந்துகொண்டு  பார்வையாளர்களின் புத்தகத்தில் பாராட்டு கருத்துக்களை கையொப்பமிட்டார்.
இந்த நிகழ்விற்கு பிரதம அதிதியாக இராணுவ தளபதி லெப்டினன்ட் ஜெனரல் சவேந்திர சில்வா அவர்கள் வருகை தந்தார்.
இந்த நிகழ்வில் பீரங்கிப் படையணியின் சிரேஷ்ட அதிகாரிகள், ஓய்வு பெற்ற இராணுவ உயரதிகாரிகள் மற்றும் படையினர்கள்  இணைந்திருந்தனர்.
இந் நிகழ்வில் பலவாறான உயர் அதிகாரிகள் ஸ்டாப் அதிகாரிகள் பணிப்பாளர்கள் மற்றும் படையினர் போன்றௌர் கலந்து கொண்டனர்.
அந்த வகையில் மத்திய பாதுகாப்பு படைத் தலைமையகத்தின் தளபதியான மேஜர் ஜெனரல் ருக்மல் டயஸ் அவர்களி;ன் வழிகாட்;டலின் கீழ் 12ஆவது படைப் பிரிவின் கட்டளை அதிகாரியவர்களின் க்ண்காணிப்பின் கீழ் கிட்டத் தட்ட 30ற்கும் மேற்பட்ட படையினர் இப் பணிகளை மேற்கொண்டனர்.
அன்றய தினமே (6) மொனராகலை பிரதேசத்தில் நல்லிரவு தீடிரென ஏற்பட்ட தீயைக் கட்டுப்படுத்தும் பணிகளிலும் படையினர் ஈடுபட்டுள்ளனர்.
இந்த பாலர்  பாடசாலை கட்டுமான பணிகள் 21 ஆவது படைப் பிரிவின் படைத் தளபதி மேஜர் ஜெனரல் ருவன் டீ சில்வா அவர்களது தலைமையில் இடம்பெற்றன.
பாலர் பாடசாலை திறப்பு விழா நிகழ்விற்கு 21 ஆவது படைப் பிரிவின் படைத் தளபதி மேஜர் ஜெனரல் ருவன் டீ சில்வா, வவுனியா பிரதேச செயலாளர்  எம்.எஸ் ஜானக, ஆரம்பகால குழந்தை பருவ அபிவிருத்தி அதிகாரசபை பணிப்பாளர் எம்.எஸ் திருமதி சம்பா டி விதானபதிரன மற்றும் கிராம வாசிகள் இணைந்து கொண்டனர்.
இராணுவ பொது சேவைப் படையணி தலைமையக கேட்போர் கூடத்தில் ‘அரசு விலைமனுக்களுக்கான அழைப்பு நடைமுறை மற்றும் இராணுவ ஏல ஆவணம்’ தொடர்பான ஒரு நாள் கருத்தரங்கு இம் மாதம் (26) ஆம் திகதி இடம்பெற்றது.
உபகரண மாஸ்டர் ஜெனரல் மேஜர்  ஜெனரல் H.G.I வித்தியானந்த மற்றும் மாஸ்டர் ஜெனரல் போர்கருவி மேஜர்  ஜெனரல் H.R.K.P பீரிஸ், இராணுவ லொஜஸ்டிக் கல்லூரியின் கட்டளை தளபதி பிரிகேடியர் W.G.D வன்னியாரச்சி மற்றும் கிழக்கு பாதுகாப்பு படைத் தலைமையகத்தின் நிர்வாக உபகரண பிரதானி பிரிகேடியர் M.R வன்னியாரச்சி அவர்களது பங்களிப்புடன் இந்த கருத்தரங்கு இடம்பெற்றன.
திருகோணமலை லொஜஸ்டிக் கல்லூரியின் பூரண ஏற்பாட்டில் இந்த கருத்தரங்குகள் ஒழுங்கு செய்யப்பட்டிருந்தன.
மேலும் பலாலி விமான நிலையத்திற்கு வருகை தந்த அமைச்சரவர்களை யாழ்ப்பாணப் பாதுகாப்பு படைத் தளபதியவர்கள் வரவேற்றார்.
அந்த வகையில் இந் நிகழ்விற்கு வருகை தந்த சுகாதாரா அமைச்சரை வடக்கு ஆளுனர் வரவேற்றதோடு வைத்தியசாலைப் பணிப்பாளர்கள் ,பாராளுமன்ற உறுப்பினர்கள் மற்றும் யாழ்ப்பாணப் பாதுகாப்புப் படைத் தளபதியான தளபதியான மேஜர் ஜெனரல் தர்ஷன ஹெட்டியாராச்சி போன்றௌரும் பங்கேற்றனர்.
மாதுறு ஓயா பிரதேசத்தில் காணப்படும் இராணுவ பயிற்றுவிப்பு பாடசாலை மற்றும் விசேட படையணி பயிற்றுவிப்பு பாடசாலையின் 150 இராணுவப் படையினர் ஒருமித்து பொலன்நறுவை வைத்தியசாலையில் காணப்படும் இரத்த தட்டுப்பாட்டை பூர்த்தி செய்யூம் நோக்கில் இரத்ததான நிகழ்வானது மாதுறு ஓயாவின் இராணுவூ பயிற்றுவிப்பு பாடசாலையில் இப் படைத் தலைமையக தளபதியான மேஜர் ஜெனரல் எச் ஜே செனவிரத்தின அவர்களின் கண்காணிப்பில் கடந்த செவ்வாய்க் கிழமை (27) இடம் பெற்றது.
இந்த நிகழ்விற்கு பிரதம அதிதியாக வணக்கத்திற்குரிய ஆயர் நோயல் இமானுவேல் அவர்களும், அதிதியாக கிழக்கு பாதுகாப்பு படைத் தளபதி மேஜர் ஜெனரல் அநுர ஜயசேகர அவர்களும் கலந்து சிறப்பித்தனர்.
இறுதியில் படைத் தளபதி படையினர் மத்தியில் உரையும் நிகழ்த்தினார்.
இலங்கை இராணுவத்தைச் சேர்ந்த படைக் கலச் சிறப்பணி, மின்சார பொறியியலாளர் படையணி மற்றும் இராணுவ மகளீர் படையணியைச் சேர்ந்த வீராங்கனைகள் இந்த நிகழ்வில் பங்கேற்றுக் கொண்டனர்.
அங்கு சென்ற இராணுவ தளபதியை இராணுவ விளையாட்டு பணியகத்தின் பணிப்பாளர் மேஜர் ஜெனரல் அநுர சுத்தசிங்க அவர்கள் வரவேற்றார்.
இந்த சமூக திட்டம் மத்திய பாதுகாப்பு படைத் தளபதி மேஜர் ஜெனரல் ருக்மள் டயஸ் அவர்களின் வழிக்காட்டலின் கீழ் இடம்பெற்றது.
அதனை தொடர்ந்து இருவருக்கும் இடையில் நினைவு சின்னங்கள் பரிமாறப்பட்டது.
இந்த நிகழ்விற்கு பிரதம  அதிதியாக 57 ஆவது படைப் பிரிவின் படைத் தளபதி மேஜர் ஜெனரல் ரவிப்பிரிய அவர்கள் வருகை தந்தார்.
இந்த போட்டிகள் இரண்டு  கட்டத்தின் கீழ் இடம்பெற்றது.
இந்த நிகழ்விற்கு 563, 611 ஆவது படைத் தலைமையகத்தின் படைத் தளபதிகள், இராணுவ சிரேஷ்ட அதிகாரிகள் மற்றும் கிராம வாசிகள்  இணைந்திருந்தனர்.
2019 க்கான விஜயபாகு காலாட் படையணியின் சுப்பர் குரோஸ் விளையாட்டு போட்டிக்கான பத்திரிகையாளர் சந்திப்பு  (09) ஆம் திகதி  வெள்ளிக்கிழமை  கலதாரி ஹோட்டலில்  விஜயபாகு காலாட் படையணியின் கட்டளை தளபதி  மேஜர் ஜெனரல் டி.எம்.டி.சி.டி குணவர்தன தலைமையில்  நடைபெற்றது.
அதன்படி ஓகஸ்ட் 25 ஆம் திகதி போயகனையில் நடைப்பெற இருக்கும் 17 ஆவது சுப்பர் குரோஸ் விளையாட்டு போட்டியானது விஜயபாகு காலாட் படையணியின் 13 அம்சங்கள் உள்ளடக்கி பார்வையாளர்களை உற்சாகப்படுத்தும்.
என்று அறிவிக்கப்பட்டுள்ளதுடன், இவ் வருடம் இந்த போட்டியில்  தாய்லாந்தில் இருந்து இரண்டு ரைடர்ஸ் மற்றும் ஜப்பானில் இருந்து ஒருவர் ஏற்கனவே விண்ணப்பித்துள்ளனர், மேலும்  விண்ணப்பங்களுக்கான இறுதி தேதி ஓகஸ்ட் 13 ஆம் தேதி இருக்கும் அத்துடன்  விஜயபாகு காலாட் படையணியின் மற்றும் இலங்கை ரைடர்ஸ் அசோசியேஷன் ஆகியவற்றிலிருந்து விண்ணப்பங்களைப் பெறலாம் என்று ஊடக பிரிவினர் தெரிவித்துள்ளனர்.
இந்த சந்திப்பில் பெரும் திரலான  ஊடகவியலாளர்கள்  கலந்து கொண்டனர்.
இந்த கட்டிடம் நிர்மானிப்பதற்காக ஜோஷித அமைப்பின் தலைவர் மதகுரு பானகல உபதிஸ்ஸ தேரர் அவர்கள் அனுசரனைகளை வழங்கி வைத்துள்ளார்.
இந்திய, இந்தோனிசியா, இலங்கை, தாய்லாந்து, வியட்னாம், ஜேமனய, கொரியா மற்றும் மலேசியா நாட்டைச் சேர்ந்த பராஒலிம்பிக் விளையாட்டு வீரர்கள் 100 பேர் கலந்து கொண்டனர்.
இதில் சிறப்பான ஆட்டத்தை மேற்கொண்டு சாஜன் திசாநாயக வெள்ளிப் பதக்கத்தை பெற்றுக் கொண்டார்.
சமூகவேறுபாடின்றி ஆயிரக்கணக்கான  பக்தர்களை கவரும் மிகப் பெரிய ஒரு கத்தோலிக்க நிகழ்வாகும் பெண்கள் மற்றும் ஆண்கள் இலங்கை வரலாற்றை உற்று நோக்கும் போது இலங்கை இராணுவமானது எப்பொழுதும் சமயங்களை பாதுகாப்பதற்காக செயற்படுகின்றன அது புத்த மதமாக கிருஸ்தவ இந்து அல்லது இஸ்லாம் போன்ற மதங்களாக இருக்கலாம்.
நாட்டினது நிறந்தர சமாதானத்திற்காக சமய சமரச மற்றும் நல்லுறவை மேம்படுதல் முக்கியமாக கானப்படுவதால் நாங்கள் எப்பொழுதும் அனைத்து சமய விழாக்களுக்கான  எங்களது உதவிக் கரங்களை வழங்குகின்றௌம்.
மேலும் எதிர்காலத்தில் பயங்கரவாதம் மற்றும்  தீவிரமயமாதலை தடுக்குமுகமாக நாங்கள் சிவில் இராணுவ உறவூகளை மேம்படுத்த முயற்சிக்கிறௌம்.
எப்படியாயினும் இன்று மனநிறைவூடன் நீங்கள் இவ் சமய நிகழ்ச்சிகயை சுதந்திரமாக புன்னகையூடன் நடாத்துகிரிர்கள் என நான்; சாட்சியமளிக்கின்றேன்.
கொடூர பயங்கரவாத்தினை இம்மண்ணில் இருந்து அழித்து இவ் தாய்நாட்டிற்காக சமாதான மற்றும் நல்லிணக்கத்தை கொண்டு வருவதற்காக இலங்கை இராணுவ வீரர்கள் தங்களது அளப் பெரிய பங்களிப்பினை வழங்கினர்.
மேலும் சமாதானத்தை விரும்பும் நாடுகளுக்கான இது ஒரு பெரிய முன்னேற்றமாகும்.
அந்த வகையில் நான் இச் சந்தர்ப்பத்தை சிறந்த ஓர் வாய்ப்பாக கருதுவதோடு பௌத்த கத்தோலிக்க இந்து இஸ்லாம் மதத் தலைவர்கள் நாட்டின் நல்லிணக்க செயற்பாட்டிற்கு பாரிய பங்காற்றுகின்றனர்.
அந்த வகையில் பௌத்த மதத்தை சேர்ந்தவனாகிய நான் பிற மதங்களைப் பற்றிய கோட்பாட்டை நான் அறியேன்.
உங்கள் அனைவருக்கும் அன்னை மரியின் ஆசிகள் கிடைக்கட்டும்.
இந்த நிலையில் இந்த குடும்ப உறுப்பினர்களை 65 ஆவது படைப் பிரிவின் படைத் தளபதி மேஜர் ஜெனரல் குமார பீரிஸ் அவர்கள் சந்தித்து கலந்துரையாடலை மேற்கொண்டார்.
இப் பொருட்கள் 621ஆவது படைப் பிரிவின் கட்டளை அதிகாரியவர்களின் தலைமையில் வழங்கப்பட்டுள்ளது.
இறுதியில் இவர்களுக்கு இடையில் புரிந்துணர்வை மேம்படுத்தும்  நோக்கத்துடன் நினைவுச் சின்னங்கள் பரிமாறப்பட்டன.
பின்னர் அதிகாரிகள் மற்றும் படையினர் மத்தியில் உரையாற்றிய அவர் தேநீர் விருந்துபசாரத்திலும் கலந்து கொண்டார்.
இந்த நிகழ்விற்கு 5 ஆவது இலங்கை பொலிஸ் படையணியில் கட்டளை தளபதி  லெப்டினன் கேணல் எச்.ஏ.எச்.சி  அல்விஸ் அவர்களின் அழைப்பை ஏற்று வினியோக கட்டளை தளபதியும்  இலங்கை பொலிஸ் படையணியின் படைத் தளபதியுமான  மேஜர் ஜெனரல் .டி .கே.ஜி.டி சிரிசேன  அவர்கள் பிரதான அதிதியாக  கலந்துகொண்டார்.
இப் பணிகள் 61ஆவது படைப் பிரிவின் கட்டளை அதிகாரியான பிரிகேடியர் கே டீ சி ஜி ஜெ திலகரத்ன அவர்களின் ஒருங்கிணைப்பில் 611ஆவது படைப் பிரிவின் தளபதியான கேர்ணல் எல் டீ எஸ் எஸ் லியனகே அவர்களின் கண்காணிப்பில் 25ஆவது இலங்கை இலேசாயுத காலாட் படையணி மற்றும் 17ஆவது (தொண்டர்) இலங்கை சிங்கப் படையினர் போன்றோர்களின் பங்களிப்போடு மேற்கொள்ளப்பட்டது.
எனவே இதை கட்டுப்படுத்தும் நோக்கிலேயே இப் பணிகள் முன்னெடுக்கப்பட்டது.
இந்த நிகழ்வின் ஊடாக பதக்கம் வென்றவர்களின் தகுதிகள் குறித்து ஜனாதிபதி வர்தமானி அறிவிப்பை ஜனாதிபதியின் சிரேஷ்ட செயலாளரான திரு அசல வீரகோன் அவர்களால் வாசிக்கப்பட்டது.
இராணுவ தளபதி  அவர்களின் ஆலோசனையுடன், இராணுவ  படை நிர்வாக பணியகத்தின் பரிந்துரையின்பேரில் பாதுகாப்பு அமைச்சினால் வழங்க ஏற்பாடு செய்யப்பட்டது.
நீங்கள் அனைவரும் அர்ப்பணிப்புள்ள இராணுவ வீரர்களாக சர்வதேச அளவில் அங்கீகரிக்கப்பட்டுள்ளீர்கள், எங்கள் தேசத்தின் இதயங்களை வென்றுள்ளீர்கள்.
இந்த விஷயத்திலும் நிரூபிக்கப்பட்டதைப் போல, தைரியத்துடனும் உற்சாகத்துடனும் எந்த இலக்கையும் அடைய உங்களுக்கு முடியும் இந்த புதிய இராணுவ தலைமையகத்தைத் திறப்பது அரசாங்கத்திற்கு மாதத்திற்கு ரூ .42  மில்லியனை மிச்சப்படுத்த முடியும், மேலும் இந்த புதிய வசதி உங்கள் அனைவருக்கும் இணையற்ற புதிய வசதி உங்களின் ஒப்பிடமுடியாத தியாகங்களுக்கு உங்களுக்கு அஞ்சலி செலுத்தும் ”என்று ஜனாதிபதி அவர்கள் தனது  விரிவுரையில்  மேலும் கருத்து தெரிவித்தார்.
இவர் தளபதியின் பணிப்புக்கு அமைய  இந்த  கருத்தரங்கிற்கு ஆணைச்சீட்டு உத்தியோகத்தர் அனுப்பப்பட்டார்.
உலகலாவிய ரீதியில் கொண்டாடப்படும் நத்தார் தினபண்டிகை நிகழ்வை முன்னிட்டு ஆண்டுதோறும் இராணுவ கிறிஸ்தவ சங்கத்தின் ஒருங்கிணைப்புடன் நடாத்தும் இசை மற்றும் மெல்லிசை உள்ளடங்கிய கிறிஸ்மஸ் கரோல் நிகழ்வானது, செவ்வாய்க்கிழமை 10ஆம் திகதி  மாலை, புகழ்பெற்ற பிரமுகர்களின் பங்குபற்றுதலுடன் நெலும் பொக்குண மஹிந்த ராஜபக்ஷ திரை அரங்கில்  இடம்பெற்றது.
கௌரவ விருந்தினராக கொழும்பின் பேராயர் கலாநிதி மல்கம் ரஞ்சித் அவர்கள்  கலந்துகொண்டதுடன் பிரதம அதிதியாக இராணுவத் தளபதி லெப்டினன் ஜெனரல் சவேந்திர சில்வா அவர்கள் கலந்து கொண்டார்.
இராணுவ சேப்லைன் ஆயர் பெனடிக்ட் ஜோசப் அவர்களின் ஆரம்ப மத பிராத்தனையினை தொடர்ந்து இராணுவ கிறிஸ்டியன் சங்கத் தலைவர் மேஜர் ஜெனரல் ஜெயசாந்த கமகே அவர்களினால் வரவேற்புரை நிகழ்த்தப்பட்டது.
சிங்கள மற்றும் ஆங்கில மொழிகளில் நடத்தப்பட்ட பிரபலமான கிறிஸ்மஸ் மெலடிகளான 'சீனு ஹேண்டின்', 'உலகிற்கு மகிழ்ச்சி', 'பினி முவான் ஹிமா உதின்', 'நமோ மரியானி', 'மன்னரின் பிறந்த நாள்', 'பினி போடா ஆசிரி', 'த லிட்டில் டிரம்மர் போய்', 'புலுன் வைஜ் சுடு', 'பெத் லெஹெம்பூர்', 'ஹோலி நைட்', 'சைலண்ட் நைட்' போன்ற வாத்திய இசைகள் இந்நிகழ்வின் போது இயற்றப்பட்டன.
திருமதி சுஜீவா நெல்சன், முன்னாள் இராணுவ தளபதிகள், ஓய்வுபெற்ற சிரேஷ்ட அதிகாரிகள், சிரேஷ்ட அதிகாரிகள்,பேராயர், எண்டெரமுல்ல புனித ஜோசப் கல்லூரி,  நல்ல ஷெப்பர்ட்ஸ் கான்வென்ட், டி மசெனோட் கல்லூரிகளின் ஆசிரியர்கள் மற்றும் பாடகர்கள் உட்பட பலர் இந்நிகழ்வில் கலந்துகொண்டனர்.
ஒத்த எண்ணங்களையுடைய  வெளிநாட்டு பிரதிநிதிகள் ,உள்ளூர் வல்லுநர்கள், மற்றும் அறிஞர்களினால் சமகால பிரச்சினைகள் தொடர்பாக அறிவுபூர்வமான சிந்தனையைத் தூண்டும் மாறுபட்ட வகைப்படுத்தலின் இருப்பு பல எழுச்சியூட்டும் முன்னோக்குகளுக்கும் முடிவெடுப்பதற்கு தேவையான ஆலோசனைகளும் முன்வைக்கப்பட்மையானது,  பயங்கரவாதம் மற்றும் தீவிரவாதத்திலிருந்து விடுபட்ட ஒரு உலகளாவிய சமுதாயத்தை  உருவாக்க  அடித்தளமாக அமைந்தது.
இராணுவ தளபதியின் வரவேற்புரையினைத் தொடந்து பாதுகாப்பு செயலாளரான ஓய்வுபெற்ற ஜெனரல் சாந்த கோட்;டகொட அவர்களினால் உரை நிகழ்த்தப்பட்டது.
அதனைத் தொடந்து ஹவாயில் உள்ள ஆசிய-பசிபிக் பாதுகாப்பு ஆய்வுகளுக்கான முன்னாள் மாணவர் மற்றும் ஒரு ஊடக தொழில்முனைவோர் மூலோபாய விவகார ஆய்வாளர் மற்றும் இராணுவ வரலாறு மற்றும் கிளர்ச்சிகள் குறித்த புத்தகங்களின் எழுத்தாளருமான திரு நித்தின் ஏ.கொகெல் அவர்களினால் சிறந்த சிறப்புரை நிகழத்தப்பட்து.
இந்திகா பெரேரா , பண்டாரநாயக்க வருகை ஆராய்ச்சி சக சர்வதேச ஆய்வுகள் மையம் மற்றும் மூலோபாய ஆய்வுத் துறை விரிவுரையாளர் திரு நிலந்தன் நிருந்தன், கே.டி.யுவில் மூலோபாய ஆய்வுகள் துறை    விரிவுரையாளர்  திரு சனத் சந்தன டி சில்வா ஆகியோர் கலந்து கொண்டு தங்களது உரைகளை நிகழ்தினர்.
மேலும் இலங்கையில் மீள் குடியேற்றப்பட்ட மற்றும் விசேட தேவையுள்ள சிறார்களுக்காக இலவசமாக அமையப்பெற்றுள்ள மையமாக இது காணப்படுகின்றது.
அதனைத் தொடர்ந்து இந் நிகழ்வில் பிரதம அதிதியாக கலந்து கொண்ட இராணுவத் தளபதியவர்கள் உள்ளடங்களான அதிதிகள் போன்றோர் இக் கட்டடத்தில் டிசெம்பர் 2019முதல் நடைமுறைப்படுத்தப்படுகின்ற வகையில் அங்கவீனமுற்ற கேட்டல் குறைபாடுடைய பேச்சுத்திறனற்ற சிறார்களுக்காக மேற்கொள்ளப்படுகின்ற சிகிச்சை முறைகள் போன்றவற்றை மேற்கொள்ளக் கூடிய நிலையமாக அமையப்பெற்றுள்ளது.
ஆந்த வகையில் இம் மையமானது விசேட தேவையுள்ள சிறார்களின் திறமைகளை வெளிக்கொனரும் வகையில் அமையப்பெற்றுள்ளதுடன் இவ்வாறான தேவையுள்ள சிறார்களின் எண்ணிக்கை 20மூ வீதத்திற்கு மேற்பட்டு காணப்படுகின்றது.
மேலும் இவ் அயதி மையமானது தேசிய மையமாக சமூகத்தின் சிறார்களின் நலன்புரிக்காக செயற்படுகின்ற மையமாக அமைந்துள்ளது.
இவ் விசேட மையமானது நாட்டில் முதன் முறையாக விசேட தேவையுள்ள (ஆடிசம் எனும் குறிப்பிடப்படுகின்ற) சிறார்களின் நலன் கருதி செயற்படுகின்ற மையமாக காணப்படுகின்றது.
இவ்வாறான சிறார்கள் தமக்கு விசேடமான முறையில் பராமரிப்பு மற்றும் வைத்திய முறைகளை அளித்தல் அவர்களை சங்கடத்திற்குள்ளாக்குகின்றதாக காண்பபடுவதுடன் அவர்கள் எமது அனுதாபத்தை விட கருணையையே எதிர்பார்கின்றனர்.
மேலும்; அங்கவீனமுற்ற சிறார்களுக்கு வைத்திய முறைகள் போன்றவற்றை வழங்குகின்ற சிறந்த மையமாக அமையுமென நான் உறுதியாக நம்புகின்றேன்.
அந்த வகையில் இதற்குறிய கல்வி முறைகள் போன்றன சமூகத்தில் சிறந்து விளங்கவும் மற்றும் சமூகத்தில் வேறுபட்டு காணப்படாத வண்ணம் இருப்பதற்கு வழிவகுக்கின்றது.
இந் நிகழ்வில்  இப் பணிப்பகத்தின் உயர் அதிகாரிகள் மற்றும்  படையினர்கள் போன்றோர் கலந்து  கொண்டதுடன்  இவ் அதிகாரியவர்கள் தமது  புதிய கடமைப் பொறுப்பின் முன்னர்  இலங்கை இராணுவ பொலிஸ் படைத் தலைமையகத்தின் கட்டளை தளபதியாக சேவையாற்றியுள்ளார்.
மேற்படி காலம் சென்ற அதிகாரியானவர் சிலேன் சுதந்திரத்தின் பின்னர் முதன் கெடெட் அதிகாரியாக தமது பயிற்சிகளை பிரித்தானியா சென்ட்ஹர்ஸ்ட் இராணுவ பயிற்றுவிப்பில் மேற்கொண்ட அதிகாரியாக காணப்படுகின்றார்.
மேலும் இவ் அதிகாரியவர்கள் வாலிப அதிகாரியாக காணப்பட்ட வேளை மிகவும் பொறுப்புடன் பணிபுரிந்த மூத்த அதிகாரியாகவும் கடின உழைப்பு நிலைத்தன்மை தைரியமான முன்முயற்சி மற்றும் செயல்பாட்டு திறன் ஆகியவற்றின் குணhம்சங்களைக் கொண்டு காணப்பட்டார்.
அத்துடன் சிலோன் இராணுவமானது 1949ஆம் ஆண்டு ஒக்டோபர் 10ஆம் திகதியன்று அன்னாரின் 19ஆவது பிறந்த தினத்தோடு ஆரம்பிக்கப்பட்டது.
இறுதியாக 1977ஆம் ஆண்டு வாலிய மற்றும் முதல் பொறியியல் படையைச் சேர்ந்த அதிகாரியாக இவர் இலங்கை இராணுவப் பதவிநிலைப் பிரதானியாக தமது 46 வயதில் 1981ஆம் ஆண்டு வரை சேவையாற்றியதுடன் அன்னார் லெப்டினன்ட் ஜெனரல் எனும் பதவியோடு ஓய்வு பெற்றார்.
அந்த வகையில் இலங்கை தேசிய படையணியின் 9ஆவது படையணியின் ஆணைச் சீட்டு அதிகாரியான ஐஐ பி டீ ஆர் என் நலின் குமார இ இலங்கை இராணுவ பொறியிலாளர்ப் படையணியின் 9ஆவது படையணியின் கோப்ரல் டபிள்யூ ஜி பிரியந்த குமார மற்றும் 642ஆவது படைப் பிரிவைச் சேரந்த ரய்பல் ஜி எஸ் சிரி ரங்க எனும் இராணுவப் படைவீரர் தங்கப் பதக்கத்தை வென்றார்.
இவர் தமது சுய ஆக்கப்பாட்டு பொருளான அளவிடும் கருவி மற்றும் மின்மாற்றி போன்றவையை காட்சிப்படுத்தி சுமார் ஒரு இலட்சம் ருபா பணப் பரிசையும் பெற்றுக் கொண்டார்.
அந்த வகையில் இலங்கை தேசிய படையணியின் 23ஆவது படையணியின் மேஜர் டபிள்யூ ஏ எஸ்  பிரசாத் மற்றும் இலங்கை மின்சார மற்றும் பொறியியலாளர்ப் படையணியின் கெப்டன் டி எச் ஜே சி சோமதிலக போன்ரோர் வெள்ளிப் பதக்கங்களைப் பெற்று 50,000 ருபாப் பணப்பரிசை வென்றுள்ளனர்.
இராணுமீளாய்வு மற்றும் அபிவிருத்தி பகுதியின் கெப்டன் டீ எம் பி எம் திசாநாயக்க , இலங்கை இராணுவ போர்கருவிப் படையின் 7ஆவது படையணியின் லான்ஸ் கோப்ரல் பீ ஜி பண்டார , இலங்கை இராணுவ 6ஆவது மகளிர்ப் படையணியின்  லான்ஸ் கோப்ரல் ஜெ சி நிசாந்தி போன்றௌர் மோட்டார் சைக்கிள்களை அகற்றும் பகுதிகளின் சேகரிப்பு பாகங்களுக்கான வெண்கலப் பதக்கங்களைப் பெற்று 30,000 ருபாப் பணப்பரிசை வென்றுள்ளனர்.
நாடு முழுவதும் ஏற்பட்டுள்ள வெள்ள அனர்த்தத்தினால் பாதிக்கப்பட்டுள்ள பிரதேசங்களின் மீட்புப் பணிகளில் 500ற்கும் மேற்பட்ட இராணுவ அதிகாரிகள் உள்ளடங்களான படையினர் ஈடுபட்டுள்ளனர்.
திருகோணமலையில் உள்ள பாதுகாப்பு படையினர்கள் மற்றும் பொலிஸ் அதிகாரிகளது பங்கேற்புடன் 22 ஆவது படைப் பிரிவின் படைத் தளபதி மேஜர் ஜெனரல் அநுர ஜயசேகர அவர்களது  தலைமையில் இந்த பௌத்த மத நிகழ்வு இடம்பெற்றது.
இந்த பௌத்த சமய ஆசிர்வாத நிகழ்வுகள் சீனக்குடா சிரி போதிராஜா விகாராதிபதி தெகியோவித்த பியதிஸ்ஸ நாயக்க தேரர் அவர்களது தலைமையில் 15 பௌத்த தேரர்களின் பங்களிப்புடன் இடம்பெற்றது.
இச்சந்திப்பின்  போது நாட்டின் தற்போதைய பாதுகாப்பு நிலவரம்  தொடர்பாகவும் நாட்டில் பாதுகாப்பு பணிகளில் ஒருங்கிணைந்த கட்டளையின் கீழ் பாதுகாப்பு படையினர்கள் ஈடுபட வேண்டும் என்றும் நாட்டில் ஏற்பட்டுள்ள பாதுகாப்பு அச்சுறுத்தல் சவால்களுக்கு எவ்வாறு முகமளிப்பது தொடர்பான விடயங்கள்   கலந்துரையாடப்பட்டது.
மேலும் உதிர்த்த ஞாயிறன்று இலங்கையில் இடம்பெற்ற தாக்குதலின் பின்பு ஏற்பட்டுள்ள பாதுகாப்பு அச்சுறுத்தல்களுக்கு வேண்டிய  நேரத்தில் தங்களது  நாட்டின் உதவிகளை வழங்க இருப்பதாக பாதுகாப்பு அமைச்சர் வலியுறுத்தினார்.
64 ஆவது படைப் பிரிவின் ஏற்பாட்டில் ஜூன் (28) ஆம் திகதி மன்னன்கண்டல் முன்பள்ளி, ஓட்டுசுட்டான் மஹா வித்தியாலயம், சின்னசல்லம்பன ஈஸ்வரன் பாடசாலை, தண்டுவன் அரசு கலவன் பாடசாலை, முத்தியன்கட்டு வங்கி மற்றும் ஜூவநகர் சமூக மண்டபத்திலும் போதைப் பொருள் தடுப்பு தொடர்பான விரிவுரைகள் இடம்பெற்றன.
அண்மையில் எமது நாட்டில் இடம்பெற்ற தாக்குதலின் போது 11 ஆவது படைப் பிரிவின் கீழ் இயங்கும் 111, 112 படைத் தலைமையகங்களுக்கு உரிய படையினரால் ஆற்றிய பாரிய சேவைகளை கௌரவித்து இந்த படையினர் மத்தியில் 11 ஆவது படைப் பிரிவின் படைத் தளபதி மேஜர் ஜெனரல் திஸ்ஸ நாணாயக்கார அவர்கள் உரை நிகழ்த்தினார்.
இதன் போது படைத் தளபதி கடமைகளின் போது படையினர்கள்  அர்ப்பணிப்பு மற்றும் தைரியத்துடன் பாதுகாப்பு நடவடிக்கைகளில் ஈடுபட்டு இயல்பு நிலையை மீட்டெடுப்பதற்கு ஆற்றிய சேவையை  கௌரவித்து  படையினர் மத்தியில் பாராட்டையும் தெரிவித்தார்.
